column_name,data_type,description,blank_meaning,nonempty_records,example
record_id,text,Stable hash of base-game relationship and product key. Re-keying a name/edition changes this ID; retain a migration map in production.,Not established or not applicable; never automatically interpret as no/zero.,707,rec_7cf576c12b1810
product_id,text,Stable product key; shared by the same map/expansion attached to alternative base games. Not a universal SKU or proof of no content overlap.,Not established or not applicable; never automatically interpret as no/zero.,707,prd_75b7bab262cef5
base_game_id,text,"Local identifier for the named base-game family, not a BoardGameGeek ID.",Not established or not applicable; never automatically interpret as no/zero.,707,game_7-wonders
base_game,text,Base game or game line to which the record is attached. Not a claim that this exact base is always mandatory.,Not established or not applicable; never automatically interpret as no/zero.,707,7 Wonders
base_game_slug,text,ASCII URL-friendly version of base_game.,Not established or not applicable; never automatically interpret as no/zero.,707,7-wonders
expansion_name,text,"Researched title; sometimes an edition, bundle, standalone-compatible title or promo, not necessarily a retail expansion box.",Not established or not applicable; never automatically interpret as no/zero.,707,Architects Guild
publisher,text,Publisher/brand associated with the source. Regional licensing and printing may differ.,Not established or not applicable; never automatically interpret as no/zero.,668,Repos Production
product_type,text,Format classification. gameplay_addition_format_pending requires further classification.,Not established or not applicable; never automatically interpret as no/zero.,707,official_promo
edition,text,"Edition/packaging explicitly established; empty means unknown, not all editions compatible.",Not established or not applicable; never automatically interpret as no/zero.,88,original Mythos-pack format
evidence_tier,text,"product_facts_checked, base_requirement_only, primary_catalog_identity, or secondary_catalog_identity. No tier implies complete verification of every column.",Not established or not applicable; never automatically interpret as no/zero.,707,primary_catalog_identity
publication_status,text,Draft-readiness flag. This export is not blanket-cleared for unattended website publication.,Not established or not applicable; never automatically interpret as no/zero.,707,hold_for_product_detail_verification
base_game_required,text,"yes/no/conditional/unknown. yes refers to an applicable core/component set, not necessarily one particular SKU.",Not established or not applicable; never automatically interpret as no/zero.,707,unknown
standalone_playable,text,yes/no/unknown/conditional. Standalone scenarios still require a core game; see prerequisites.,Not established or not applicable; never automatically interpret as no/zero.,707,unknown
prerequisite_rule,text,Source-supported natural-language requirement. Empty when only an unverified candidate is known.,Not established or not applicable; never automatically interpret as no/zero.,106,Anachrony: Essential Edition
prerequisite_logic_json,text,JSON list of alternative requirement groups. OR across groups; AND within a group. Names may need edition-specific ID mapping. Never execute without checking ownership_filter_safe.,Not established or not applicable; never automatically interpret as no/zero.,86,"[[""Anachrony: Essential Edition""]]"
prerequisite_verification,text,"publisher_confirmed, publisher_confirmed_conditional, publisher_summary_only, or not_verified.",Not established or not applicable; never automatically interpret as no/zero.,707,not_verified
ownership_filter_safe,text,true only for an explicit nonconditional machine-usable requirement in this pass. Still match edition/language and interpret player modes. false means do not infer eligibility.,Not established or not applicable; never automatically interpret as no/zero.,707,false
unverified_prerequisite_note,text,"A research lead, NOT a verified requirement; excluded from executable prerequisite logic.",Not established or not applicable; never automatically interpret as no/zero.,160,Core set plus The Innsmouth Conspiracy original deluxe expansion for encounter sets; campaign progression may require earlier scenarios.
compatibility_notes,text,"Edition, expansion-arc, mode and component caveats. Empty does not mean unrestricted compatibility.",Not established or not applicable; never automatically interpret as no/zero.,273,Match the expansion printing to the base-game edition; do not confuse 7 Wonders with 7 Wonders Duel or Architects.
content_overlap_notes,text,"Known reprints, bundles or reused content. This is not a complete component-level inventory.",Not established or not applicable; never automatically interpret as no/zero.,103,The later The Innsmouth Conspiracy Campaign Expansion repack contains this cycle's encounter content; its Investigator Expansion repack contains the player content. Check ownership to avoid buying duplicates.
possible_alias_warning,text,Potential duplicate/alias requiring edition review; not automatically merged.,Not established or not applicable; never automatically interpret as no/zero.,2,Potential overlap between named Wonder and second-edition promo; exact edition not resolved.
what_it_adds,text,Concise factual product or format description; see description_specificity and verified_fields.,Not established or not applicable; never automatically interpret as no/zero.,465,Promotional gameplay content; exact effects and required editions not independently checked.
description_specificity,text,"not_recorded, format_level_only, or product_or_cycle_description. Format-level text is not sufficient for a differentiated product page.",Not established or not applicable; never automatically interpret as no/zero.,707,not_recorded
what_it_fixes,text,Reserved for sourced fixes; intentionally blank where not established. New content is not automatically a fix.,Not established or not applicable; never automatically interpret as no/zero.,0,
what_it_fixes_status,text,not_established unless evidence supports a fix.,Not established or not applicable; never automatically interpret as no/zero.,707,not_established
min_players,number_or_empty,"Minimum in the stated source/mode, not an independently tested best-player recommendation.",Not established or not applicable; never automatically interpret as no/zero.,35,2
max_players,number_or_empty,Maximum in the stated source/mode; may require extra products. Check player_count_basis.,Not established or not applicable; never automatically interpret as no/zero.,35,6
player_count_basis,text,Mode/configuration and source interpretation for the range.,Not established or not applicable; never automatically interpret as no/zero.,35,legacy_publisher_product_listing
group_fit,text,Publisher description or clearly labeled editorial use case; not BGG best-player polling.,Not established or not applicable; never automatically interpret as no/zero.,47,"Owner wants marine animals, aquariums and alternative action cards."
worth_it_verdict,text,"Editorial draft for the stated use case. Not review consensus, playtesting, or an objective quality score.",Not established or not applicable; never automatically interpret as no/zero.,42,consider_for_stated_use
buy_order_priority,number_or_empty,"Ordinal editorial priority only WITHIN the named use case: 1 early fit, 2 later/conditional fit, 3 specialist. Not a complete per-game ranking; ties are intentional.",Not established or not applicable; never automatically interpret as no/zero.,42,1
recommendation_use_case,text,Explicit preference/ownership context in which the editorial judgment applies.,Not established or not applicable; never automatically interpret as no/zero.,42,"Owner wants marine animals, aquariums and alternative action cards."
recommendation_rationale,text,"Original reasoning based on sourced mechanics and prerequisites, with no claimed firsthand play.",Not established or not applicable; never automatically interpret as no/zero.,42,The added systems match those preferences; player-count discrepancies remain flagged separately.
recommendation_status,text,not_assessed or editorial_draft_mechanics_based. Every draft still needs independent review evidence and human editorial review.,Not established or not applicable; never automatically interpret as no/zero.,707,not_assessed
recommendation_basis,text,"Evidence category used to form the draft, separate from factual source status.",Not established or not applicable; never automatically interpret as no/zero.,42,editorial_inference_from_publisher_mechanics_not_playtesting
ranking_scope,text,stated_use_case_only_not_universal_rank for all current drafts.,Not established or not applicable; never automatically interpret as no/zero.,42,stated_use_case_only_not_universal_rank
recommendation_evidence_url,text,Evidence for underlying mechanics; the publisher is not endorsing this editorial recommendation.,Not established or not applicable; never automatically interpret as no/zero.,42,https://capstone-games.com/products/ark-nova-marine-worlds
price_usd,number_or_empty,"Observed publisher/list price in USD, not a live Amazon quote; excludes tax/shipping. Empty means unknown.",Not established or not applicable; never automatically interpret as no/zero.,111,34.99
price_kind,text,"Distinguishes observed catalogue/sale price, MSRP, historical price and publisher-listed price.",Not established or not applicable; never automatically interpret as no/zero.,111,displayed_catalog_price_not_live_quote
price_band_usd,text,"ETL category derived from price_usd, not an independent market estimate.",Not established or not applicable; never automatically interpret as no/zero.,111,20_to_39_99
price_source_url,text,Source of the retained price snapshot.,Not established or not applicable; never automatically interpret as no/zero.,111,https://capstone-games.com/products/ark-nova-marine-worlds
price_checked_on,text,"Research observation date, not a guarantee of current purchasability.",Not established or not applicable; never automatically interpret as no/zero.,111,2026-09-20
purchase_url,text,"Official product/store destination when captured. May be a publisher page linking to a retailer, rather than a checkout page.",Not established or not applicable; never automatically interpret as no/zero.,41,https://gamefound.com/en/projects/mindclash-games/septima/products/details/27646
purchase_link_status,text,What was established about purchase_url; no checkout or delivery test was performed.,Not established or not applicable; never automatically interpret as no/zero.,707,not_recorded
amazon_us_url,text,US Amazon product URL only when identity was checked. No affiliate tag; blank is not an invented search link.,Not established or not applicable; never automatically interpret as no/zero.,4,https://www.amazon.com/dp/B085DLZRFQ
amazon_asin,text,"ASIN read from the checked product URL, not guessed.",Not established or not applicable; never automatically interpret as no/zero.,4,B085DLZRFQ
amazon_link_status,text,"product_identity_checked_not_stock or not_verified. Does not verify seller, availability, price or fulfillment.",Not established or not applicable; never automatically interpret as no/zero.,707,not_verified
amazon_checked_on,text,Date product identity was checked against the retrieved US page.,Not established or not applicable; never automatically interpret as no/zero.,4,2026-09-20
release_year,number_or_empty,Only populated where supported; not inferred from crawl dates or fan-database timestamps.,Not established or not applicable; never automatically interpret as no/zero.,13,2023
release_status,text,"Known released/announced/out_of_print/crowdfunding status, or unknown. Not the same as retailer stock.",Not established or not applicable; never automatically interpret as no/zero.,707,unknown
catalog_availability,text,not_checked unless expressly recorded. Source pages often contain contradictory stock templates.,Not established or not applicable; never automatically interpret as no/zero.,707,not_checked
official_source_url,text,Publisher/licensed distributor/crowdfunding source when identified. Empty for third-party-only records.,Not established or not applicable; never automatically interpret as no/zero.,465,https://www.rprod.com/en/games/7-wonders
supporting_source_url,text,"Secondary catalogue, community database, retailer, or additional publisher source.",Not established or not applicable; never automatically interpret as no/zero.,332,https://boardgamegeekstore.com/collections/bgg-store-promos?page=2
source_type,text,Provenance category of sources used for the record.,Not established or not applicable; never automatically interpret as no/zero.,707,publisher
source_scope,text,"Product detail, announcement, navigation, structured pack list, or catalogue: scope limits what was verified.",Not established or not applicable; never automatically interpret as no/zero.,707,publisher_download_catalog
verified_fields,text,Fields explicitly captured as supported during research. Not a claim that every populated field is independently corroborated.,Not established or not applicable; never automatically interpret as no/zero.,707,product_name;base_game_association
verification_status,text,Original research status retained alongside normalized evidence_tier.,Not established or not applicable; never automatically interpret as no/zero.,707,catalog_verified_details_pending
checked_on,text,"2026-09-20 research date; this is a reference snapshot, not a live sync.",Not established or not applicable; never automatically interpret as no/zero.,707,2026-09-20
source_check_method,text,Web retrieval/search-index inspection; no publisher approval or reuse-rights audit.,Not established or not applicable; never automatically interpret as no/zero.,707,web_retrieval_or_search_index; not a legal/license audit
review_flags,text,Semicolon-delimited unresolved caveats and editorial work.,Not established or not applicable; never automatically interpret as no/zero.,707,edition;printing;prerequisites;recommendation
coverage_completeness,text,Always not_established: no claim that all global products or all products of a family were found.,Not established or not applicable; never automatically interpret as no/zero.,707,not_established
market_focus,text,"US buyers; not a guarantee of US availability for every historical, promo or regional record.",Not established or not applicable; never automatically interpret as no/zero.,707,US; regional availability not guaranteed
bgg_id,text,"Not collected in this pass. Empty, not a synthetic identifier.",Not established or not applicable; never automatically interpret as no/zero.,0,
bgg_rating,number_or_empty,Not collected; no ratings were invented or copied from retailer stars.,Not established or not applicable; never automatically interpret as no/zero.,0,
bgg_weight,number_or_empty,Not collected; blank is not zero complexity.,Not established or not applicable; never automatically interpret as no/zero.,0,
bgg_stats_as_of,text,Not populated because no BGG statistics snapshot was obtained.,Not established or not applicable; never automatically interpret as no/zero.,0,
last_pass_checked_at_utc,text,"Timestamp recorded by the final verification pass for this record, when available.",Not established or not applicable; never automatically interpret as no/zero.,707,2026-09-20T14:35:11+00:00
last_pass_fetch_status,text,Outcome of the final live-source fetch attempt. A fetch failure does not invalidate earlier evidence.,Not established or not applicable; never automatically interpret as no/zero.,707,fetch_failed
last_pass_identity_status,text,Whether the final pass established exact product identity from the live source.,Not established or not applicable; never automatically interpret as no/zero.,707,identity_not_established
last_pass_source_url,text,Source URL used or attempted in the final verification pass.,Not established or not applicable; never automatically interpret as no/zero.,696,https://www.rprod.com/en/games/7-wonders
last_pass_source_title,text,"Page title observed during the final verification pass, when available.",Not established or not applicable; never automatically interpret as no/zero.,0,
last_pass_evidence_id,text,Local identifier tying the row to final-pass evidence/audit artifacts.,Not established or not applicable; never automatically interpret as no/zero.,696,src-c95229d20254f1ad
last_pass_requirement_evidence_status,text,Whether the final pass established prerequisite/requirement evidence.,Not established or not applicable; never automatically interpret as no/zero.,707,not_established
last_pass_missing_core_fields,text,Semicolon-delimited core fields still missing after the final pass.,Not established or not applicable; never automatically interpret as no/zero.,661,what_it_adds | base_game_requirement | edition_compatibility_notes
last_pass_audit_flags,text,Semicolon-delimited issues or cautions detected during the final pass.,Not established or not applicable; never automatically interpret as no/zero.,11,"Existing source in official_source_url points to Heat, not Memoir 44"
last_pass_supported_fields,text,"Fields specifically supported by successful final-pass evidence, if any.",Not established or not applicable; never automatically interpret as no/zero.,0,
