record_id,base_game,expansion_name,recommendation_use_case,buy_order_priority,worth_it_verdict,recommendation_rationale,recommendation_status,recommendation_basis,ranking_scope,recommendation_evidence_url,review_flags
rec_7032418471da7a,Ark Nova,Marine Worlds,"Owner wants marine animals, aquariums and alternative action cards.",1,consider_for_stated_use,The added systems match those preferences; player-count discrepancies remain flagged separately.,editorial_draft_mechanics_based,editorial_inference_from_publisher_mechanics_not_playtesting,stated_use_case_only_not_universal_rank,https://capstone-games.com/products/ark-nova-marine-worlds,player_count_source_discrepancy;recommendation;editorial_human_review
rec_741521f0819815,CATAN,Cities & Knights,Group wants city development and barbarian-defense decisions.,1,consider_for_stated_use,"Select for the development/defense systems, not simply because it is next in a release list.",editorial_draft_mechanics_based,editorial_inference_from_publisher_mechanics_not_playtesting,stated_use_case_only_not_universal_rank,https://www.catan.com/explore-catan/catan-core-family-games,prerequisites;edition;recommendation;editorial_human_review
rec_1def9ba42c2c6f,CATAN,Legend of the Conquerors,Cities & Knights owner wants advanced linked chapters.,2,buy_only_when_requirements_met,Requires Cities & Knights; edition/card-back checks remain important.,editorial_draft_mechanics_based,editorial_inference_from_publisher_mechanics_not_playtesting,stated_use_case_only_not_universal_rank,https://www.catan.com/legend-conquerors,edition_card_backs;language;recommendation;editorial_human_review
rec_5dd85704d61333,CATAN,Legend of the Sea Robbers,Seafarers owner wants linked narrative chapters.,2,buy_only_when_requirements_met,Needs Seafarers; do not present it as a replacement for that expansion.,editorial_draft_mechanics_based,editorial_inference_from_publisher_mechanics_not_playtesting,stated_use_case_only_not_universal_rank,https://www.catan.com/legend-sea-robbers,edition_card_backs;language;recommendation;editorial_human_review
rec_e162442abb7b67,CATAN,Seafarers,Group wants ships and exploration while keeping familiar CATAN play.,1,consider_for_stated_use,"Select for map/exploration variety, rather than city-development systems.",editorial_draft_mechanics_based,editorial_inference_from_publisher_mechanics_not_playtesting,stated_use_case_only_not_universal_rank,https://www.catan.com/explore-catan/catan-core-family-games,prerequisites;edition;recommendation;editorial_human_review
rec_dcd104546cf658,Dominion,Dark Ages,"Group likes trashing, upgrading and interacting with discarded components.",2,specialist_purchase,Its central trash/upgrade interactions suit that preference but are not prerequisites for other sets.,editorial_draft_mechanics_based,editorial_inference_from_publisher_mechanics_not_playtesting,stated_use_case_only_not_universal_rank,https://www.riograndegames.com/games/dominion-dark-ages/,supply_cards_and_player_count;recommendation;editorial_human_review
rec_fb83015d1ba171,Dominion,Hinterlands,Group wants more buy/gain-trigger combinations.,1,consider_for_stated_use,The buy/gain emphasis provides a concrete reason to select it over another card set.,editorial_draft_mechanics_based,editorial_inference_from_publisher_mechanics_not_playtesting,stated_use_case_only_not_universal_rank,https://www.riograndegames.com/games/dominion-hinterlands/,supply_cards_and_player_count;recommendation;editorial_human_review
rec_fd4bbeac5fa9de,Dominion,Intrigue,Group wants choice-driven Actions and useful Victory cards.,1,consider_for_stated_use,This edition adds choices but no longer supplies standalone base cards.,editorial_draft_mechanics_based,editorial_inference_from_publisher_mechanics_not_playtesting,stated_use_case_only_not_universal_rank,https://www.riograndegames.com/games/dominion-intrigue-2nd-edition/,supply_cards_and_player_count;recommendation;editorial_human_review
rec_3cf5c20ac7593e,Dominion,Menagerie,Experienced group wants alternative action uses and exile interactions.,2,consider_for_stated_use,Ways and Exile add specific decision layers; avoid treating the larger card count as a quality rating.,editorial_draft_mechanics_based,editorial_inference_from_publisher_mechanics_not_playtesting,stated_use_case_only_not_universal_rank,https://www.riograndegames.com/games/dominion-menagerie/,supply_cards_and_player_count;recommendation;editorial_human_review
rec_2ff44dd8edde2b,Dominion,Plunder,"Group specifically wants Loot, Traits and many Treasure/Duration cards.",2,consider_for_stated_use,"Buy for these mechanics, not merely because it is a large box.",editorial_draft_mechanics_based,editorial_inference_from_publisher_mechanics_not_playtesting,stated_use_case_only_not_universal_rank,https://www.riograndegames.com/games/dthis-is-the-15th-expansion-to-dominion-it-has-500-cards-with-40-new-kingdom-cards-it-has-lots-of-treasures-and-durations-with-cards-that-give-you-loot-and-traits-that-modify-piles-events/,supply_cards_and_player_count;recommendation;editorial_human_review
rec_22780b14433964,Dominion,Prosperity,Group enjoys expensive cards and larger economic engines.,1,strong_fit_for_stated_use,Wealth-focused cards and higher-value basic cards directly serve that style.,editorial_draft_mechanics_based,editorial_inference_from_publisher_mechanics_not_playtesting,stated_use_case_only_not_universal_rank,https://www.riograndegames.com/games/dominion-prosperity/,supply_cards_and_player_count;recommendation;editorial_human_review
rec_6677b5b2e1e5c8,Dominion,Renaissance,"Group wants saved resources, Projects and Artifacts.",1,consider_for_stated_use,Choose for those mechanisms rather than assuming release order determines purchase order.,editorial_draft_mechanics_based,editorial_inference_from_publisher_mechanics_not_playtesting,stated_use_case_only_not_universal_rank,https://www.riograndegames.com/games/dominion-renaissance/,supply_cards_and_player_count;recommendation;editorial_human_review
rec_dddff22d43e90d,Dominion,Seaside,Group wants multi-turn card effects.,1,strong_fit_for_stated_use,Next-turn effects match this preference; verify edition and basic supply-card ownership.,editorial_draft_mechanics_based,editorial_inference_from_publisher_mechanics_not_playtesting,stated_use_case_only_not_universal_rank,https://www.riograndegames.com/games/dominion-seaside/,supply_cards_and_player_count;recommendation;editorial_human_review
rec_9596b929266113,Eldritch Horror,Forsaken Lore,Owner wants more encounters and mysteries rather than a new side board.,1,strong_fit_for_stated_use,"Additional mysteries, research encounters and a new Ancient One broaden existing systems.",editorial_draft_mechanics_based,editorial_inference_from_publisher_mechanics_not_playtesting,stated_use_case_only_not_universal_rank,https://www.fantasyflightgames.com/en/products/eldritch-horror/products/forsaken-lore/,edition;recommendation;editorial_human_review
rec_806dea7abecc9c,Everdell,Complete Collection,New buyer intends to acquire the original-line base and all five major expansions.,1,check_overlap_before_buying,Consolidated collection can avoid piecemeal purchases; existing owners would duplicate significant content.,editorial_draft_mechanics_based,editorial_inference_from_publisher_mechanics_not_playtesting,stated_use_case_only_not_universal_rank,https://tycoongames.com/products/everdell-complete-collection,precise_collector_components;recommendation;editorial_human_review
rec_137d8a97bd479e,Lost Ruins of Arnak,Adventure Chest,Owner needs storage AND does not already own Twisted Paths.,2,check_overlap_before_buying,Twisted Paths is bundled; avoid buying both unless the duplication is intentional.,editorial_draft_mechanics_based,editorial_inference_from_publisher_mechanics_not_playtesting,stated_use_case_only_not_universal_rank,https://www.czechgames.com/games/lost-ruins-of-arnak-adventure-chest,edition;recommendation;editorial_human_review
rec_0f63b81df041ea,Lost Ruins of Arnak,Expedition Leaders,Group wants different player abilities without a campaign.,1,strong_fit_for_stated_use,Leader asymmetry is the primary change; campaign content is not necessary for this preference.,editorial_draft_mechanics_based,editorial_inference_from_publisher_mechanics_not_playtesting,stated_use_case_only_not_universal_rank,https://www.czechgames.com/games/lost-ruins-of-arnak-expedition-leaders,edition;recommendation;editorial_human_review
rec_c8a85308a1d18c,Lost Ruins of Arnak,The Missing Expedition,Solo player or two-player group wants a cooperative campaign.,1,strong_fit_for_stated_use,Its six-chapter campaign is tailored to solo/two-player use; the broader normal game supports more players.,editorial_draft_mechanics_based,editorial_inference_from_publisher_mechanics_not_playtesting,stated_use_case_only_not_universal_rank,https://www.czechgames.com/games/lost-ruins-of-arnak-the-missing-expedition,edition;recommendation;editorial_human_review
rec_1dde15e2b0b257,Lost Ruins of Arnak,Twisted Paths,Owner wants new temple tracks/maps.,2,consider_for_stated_use,Provides the gameplay expansion without paying for the Adventure Chest storage box.,editorial_draft_mechanics_based,editorial_inference_from_publisher_mechanics_not_playtesting,stated_use_case_only_not_universal_rank,https://www.czechgames.com/games/lost-ruins-of-arnak-twisted-paths,edition;recommendation;editorial_human_review
rec_370f99b7753743,Race for the Galaxy,Alien Artifacts,Owner specifically wants the optional Orb-exploration branch.,1,choose_one_expansion_arc,"This is an alternative arc, not a step in a stack containing the other arcs.",editorial_draft_mechanics_based,editorial_inference_from_publisher_mechanics_not_playtesting,stated_use_case_only_not_universal_rank,https://www.riograndegames.com/games/rftg-alien-artifacts/,edition;recommendation;editorial_human_review
rec_5e458e610ea420,Race for the Galaxy,Expansion and Brinkmanship: The Combined 1st Arc Expansion,Second-edition base owner wants the first-arc systems and owns none of the original three.,1,check_overlap_before_buying,Consolidates three old expansions; avoid it as a new-content purchase if those originals are already owned.,editorial_draft_mechanics_based,editorial_inference_from_publisher_mechanics_not_playtesting,stated_use_case_only_not_universal_rank,https://www.riograndegames.com/games/race-for-the-galaxy-expansion-and-brinkmanship-the-combined-1st-arc-expansion/,edition;recommendation;editorial_human_review
rec_fa4c091d6a4c85,Race for the Galaxy,Xeno Counterstrike,Owner already has Xeno Invasion and wants to extend that branch.,2,buy_only_when_requirements_met,Xeno Invasion is explicitly required; it is not a base-only first expansion.,editorial_draft_mechanics_based,editorial_inference_from_publisher_mechanics_not_playtesting,stated_use_case_only_not_universal_rank,https://www.riograndegames.com/games/race-for-the-galaxy-xeno-counterstrike/,edition;recommendation;editorial_human_review
rec_bd9fdeb7e33696,Race for the Galaxy,Xeno Invasion,Owner wants the alien-invasion branch.,1,choose_one_expansion_arc,Start the Xeno branch here; incompatible-arc warnings must remain visible.,editorial_draft_mechanics_based,editorial_inference_from_publisher_mechanics_not_playtesting,stated_use_case_only_not_universal_rank,https://www.riograndegames.com/games/rftg-xeno-invasion/,edition;recommendation;editorial_human_review
rec_f22502e333ae9b,Root,The Clockwork Expansion,Owner wants automated opponents or cooperative play.,1,strong_fit_for_stated_use,Automates the base factions without requiring separate faction expansions.,editorial_draft_mechanics_based,editorial_inference_from_publisher_mechanics_not_playtesting,stated_use_case_only_not_universal_rank,https://ledergames.com/collections/root/products/root-the-clockwork-expansion,faction_mix;recommendation;editorial_human_review
rec_c827d811df16d7,Root,The Clockwork Expansion 2,Owner already has Riverfolk/Underworld and wants those bots.,2,buy_only_when_requirements_met,Bot components depend on the corresponding faction expansions; not a substitute for buying those boxes.,editorial_draft_mechanics_based,editorial_inference_from_publisher_mechanics_not_playtesting,stated_use_case_only_not_universal_rank,https://ledergames.com/collections/root/products/root-the-clockwork-expansion-2,selected_bot_component_check;edition;recommendation;editorial_human_review
rec_2018f105557d15,Root,The Exiles and Partisans Deck,Owner wants a lower-cost change without a new faction.,1,consider_for_stated_use,A replacement deck changes common powers at a smaller listed price than a faction box.,editorial_draft_mechanics_based,editorial_inference_from_publisher_mechanics_not_playtesting,stated_use_case_only_not_universal_rank,https://ledergames.com/collections/root/products/root-the-exiles-and-partisans-deck,edition;recommendation;editorial_human_review
rec_be9654071c329d,Root,The Homeland Expansion,Experienced group wants three new factions and two maps.,2,consider_for_stated_use,Broad content increase; learn existing factions first rather than buying for completeness alone.,editorial_draft_mechanics_based,editorial_inference_from_publisher_mechanics_not_playtesting,stated_use_case_only_not_universal_rank,https://ledergames.com/collections/root/products/root-the-homeland-expansion,edition;recommendation;editorial_human_review
rec_6e86e2e26a95d7,Root,The Marauder Expansion,Low-player-count competitive group wants additional militant factions and hirelings.,1,strong_fit_for_stated_use,Its militant factions and hirelings directly match that configuration; verify the chosen faction mix.,editorial_draft_mechanics_based,editorial_inference_from_publisher_mechanics_not_playtesting,stated_use_case_only_not_universal_rank,https://ledergames.com/collections/root/products/root-the-marauder-expansion,faction_mix;recommendation;editorial_human_review
rec_c131d02e3ead19,Root,The Riverfolk Expansion,"Group wants trading, negotiation and an unusual faction style.",2,consider_for_stated_use,The otters and lizards offer a different interaction profile rather than new maps.,editorial_draft_mechanics_based,editorial_inference_from_publisher_mechanics_not_playtesting,stated_use_case_only_not_universal_rank,https://ledergames.com/collections/root/products/root-the-riverfolk-expansion,faction_mix;recommendation;editorial_human_review
rec_5f93056d270f08,Root,The Underworld Expansion,Existing competitive group wants faction AND map variety.,1,strong_fit_for_stated_use,Two factions plus two maps diversify both armies and geography; a broader-content option than a deck-only pack.,editorial_draft_mechanics_based,editorial_inference_from_publisher_mechanics_not_playtesting,stated_use_case_only_not_universal_rank,https://ledergames.com/collections/root/products/root-underworld-expansion,faction_mix;recommendation;editorial_human_review
rec_61c3cee87a1748,Root,The Vagabond Pack,Group actively plays Vagabond and wants more character choices.,3,specialist_purchase,New Vagabonds matter only when this role is used; skip as a default first purchase for other groups.,editorial_draft_mechanics_based,editorial_inference_from_publisher_mechanics_not_playtesting,stated_use_case_only_not_universal_rank,https://ledergames.com/collections/root/products/root-the-vagabond-pack,edition;recommendation;editorial_human_review
rec_ded09568bba2cd,Scythe,Invaders from Afar,Group needs to support six or seven players.,1,buy_for_player_count_need,Adds the faction/player components required for the higher player count; not just a content preference.,editorial_draft_mechanics_based,editorial_inference_from_publisher_mechanics_not_playtesting,stated_use_case_only_not_universal_rank,https://store.stonemaiergames.com/products/scythe-invaders-from-afar,edition;recommendation;editorial_human_review
rec_afeb2ddeb8c21b,Scythe,The Rise of Fenris,Established group wants a replayable campaign and modular variants.,1,strong_fit_for_stated_use,Its campaign and modules match a repeated-group use case; not needed to learn the base game.,editorial_draft_mechanics_based,editorial_inference_from_publisher_mechanics_not_playtesting,stated_use_case_only_not_universal_rank,https://store.stonemaiergames.com/products/scythe-the-rise-of-fenris,edition;recommendation;editorial_human_review
rec_2263e42904ac74,Scythe,The Wind Gambit,Owner specifically wants airships and alternative end-game conditions.,2,specialist_purchase,"Buy for these two modules, not as a generic requirement for the other Scythe expansions.",editorial_draft_mechanics_based,editorial_inference_from_publisher_mechanics_not_playtesting,stated_use_case_only_not_universal_rank,https://store.stonemaiergames.com/products/scythe-the-wind-gambit,edition;recommendation;editorial_human_review
rec_b21f0c3265656c,Spirit Island,Jagged Earth,Experienced players want many more spirits or fifth/sixth-player components.,1,strong_fit_for_stated_use,Ten spirits and two island boards address variety and capacity in one product.,editorial_draft_mechanics_based,editorial_inference_from_publisher_mechanics_not_playtesting,stated_use_case_only_not_universal_rank,https://shop.greaterthangames.com/products/spirit-island-jagged-earth,edition;recommendation;editorial_human_review
rec_1cd1a0deae153a,Spirit Island,Nature Incarnate,"Jagged Earth owner wants more spirits, aspects and Incarna.",2,buy_only_when_requirements_met,Requires Jagged Earth; do not suggest it to a base-only owner as an immediately usable purchase.,editorial_draft_mechanics_based,editorial_inference_from_publisher_mechanics_not_playtesting,stated_use_case_only_not_universal_rank,https://shop.greaterthangames.com/products/spirit-island-nature-incarnate,edition;recommendation;editorial_human_review
rec_1fc915a0e23aa3,The Lord of the Rings: The Card Game,Ered Mithrin Campaign Expansion,Revised Core owner wants the nine Ered Mithrin scenarios.,1,check_overlap_before_buying,Campaign content is separate from the Hero Expansion; original-cycle owners should check overlap.,editorial_draft_mechanics_based,editorial_inference_from_publisher_mechanics_not_playtesting,stated_use_case_only_not_universal_rank,https://www.fantasyflightgames.com/en/products/the-lord-of-the-rings-the-card-game/products/ered-mithrin-campaign-expansion/,edition;recommendation;editorial_human_review
rec_231e69c95375d3,The Lord of the Rings: The Card Game,Ered Mithrin Hero Expansion,Revised Core owner wants player-card deck-building options.,1,consider_for_stated_use,"Buy for heroes/player cards, not expecting the nine campaign scenarios.",editorial_draft_mechanics_based,editorial_inference_from_publisher_mechanics_not_playtesting,stated_use_case_only_not_universal_rank,https://www.fantasyflightgames.com/en/products/the-lord-of-the-rings-the-card-game/products/ered-mithrin-hero-expansion/,edition;recommendation;editorial_human_review
rec_1d309fd6b8402b,The Lord of the Rings: The Card Game,The Two Towers Saga Expansion,Owner wants the saga scenarios and does not own both original constituent boxes.,1,skip_if_constituents_owned,Publisher explicitly states that owners of both original boxes receive no new content.,editorial_draft_mechanics_based,editorial_inference_from_publisher_mechanics_not_playtesting,stated_use_case_only_not_universal_rank,https://www.fantasyflightgames.com/en/products/the-lord-of-the-rings-the-card-game/products/two-towers-saga-expansion/,edition;recommendation;editorial_human_review
rec_cd988e947361f9,Wingspan,Asia,One or two players want a self-contained Wingspan entry or Duet mode.,1,strong_fit_for_stated_use,Standalone solo/two-player play avoids buying the original base solely to try this configuration.,editorial_draft_mechanics_based,editorial_inference_from_publisher_mechanics_not_playtesting,stated_use_case_only_not_universal_rank,https://store.stonemaiergames.com/products/wingspan-asia-expansion,edition;recommendation;editorial_human_review
rec_0696f40dfb3d99,Wingspan,European Expansion,Group wants more cards without replacing the main player boards.,1,strong_fit_for_stated_use,"Adds birds, powers and goals while retaining the familiar board structure.",editorial_draft_mechanics_based,editorial_inference_from_publisher_mechanics_not_playtesting,stated_use_case_only_not_universal_rank,https://store.stonemaiergames.com/products/wingspan-european-expansion,Asia_only_mode_requirements;edition;recommendation;editorial_human_review
rec_6c241d6d548c7a,Wingspan,Oceania Expansion,Experienced group wants a new resource and revised action boards.,1,strong_fit_for_stated_use,Nectar and new mats change the engine-building choices more directly than a card-only increase.,editorial_draft_mechanics_based,editorial_inference_from_publisher_mechanics_not_playtesting,stated_use_case_only_not_universal_rank,https://store.stonemaiergames.com/products/wingspan-oceania-expansion,Asia_only_mode_requirements;edition;recommendation;editorial_human_review
