record_id,base_game,expansion_name,alternative_group,required_item_order,required_item_name,required_item_id,required_item_type,target_resolution,logical_rule,prerequisite_verification,ownership_filter_safe,source_url
rec_5b36c3420618ba,Anachrony,Fractures of Time,1,1,Anachrony: Essential Edition,,external_or_edition_specific_component,requires_mapping,OR between groups; AND within a group,publisher_confirmed,true,https://gamefound.com/en/projects/mindclash-games/septima/products/details/27646
rec_7032418471da7a,Ark Nova,Marine Worlds,1,1,Ark Nova,game_ark-nova,base_game,resolved,OR between groups; AND within a group,publisher_confirmed,true,https://capstone-games.com/products/ark-nova-marine-worlds
rec_c2a9f5bdbcfb5e,Arkham Horror: The Card Game,The Blob That Ate Everything,1,1,Arkham Horror: The Card Game Core Set,,external_or_edition_specific_component,requires_mapping,OR between groups; AND within a group,publisher_confirmed,false,https://www.fantasyflightgames.com/en/products/arkham-horror-the-card-game/products/blob-ate-everything/
rec_35164b5d8a1094,Carcassonne,Inns and Cathedrals,1,1,Carcassonne,game_carcassonne,base_game,resolved,OR between groups; AND within a group,publisher_confirmed,false,https://www.hans-im-glueck.de/en/game/carcassonne/inns-and-cathedrals/
rec_e6c3487b08f716,CATAN,5-6 Player Expansion,1,1,CATAN,game_catan,base_game,resolved,OR between groups; AND within a group,publisher_confirmed,true,https://www.catan.com/explore-catan/catan-basegame-expansions/play-catan-5-6-players
rec_741521f0819815,CATAN,Cities & Knights,1,1,CATAN,game_catan,base_game,resolved,OR between groups; AND within a group,publisher_summary_only,false,https://www.catan.com/explore-catan/catan-core-family-games
rec_b78ea8ce6959ec,CATAN,Cities & Knights 5-6 Player Expansion,1,1,CATAN,game_catan,base_game,resolved,OR between groups; AND within a group,publisher_confirmed,true,https://www.catan.com/explore-catan/catan-basegame-expansions/play-catan-5-6-players
rec_b78ea8ce6959ec,CATAN,Cities & Knights 5-6 Player Expansion,1,2,Cities & Knights,rec_741521f0819815,expansion_record,resolved,OR between groups; AND within a group,publisher_confirmed,true,https://www.catan.com/explore-catan/catan-basegame-expansions/play-catan-5-6-players
rec_b78ea8ce6959ec,CATAN,Cities & Knights 5-6 Player Expansion,1,3,5-6 Player Expansion,rec_e6c3487b08f716,expansion_record,resolved,OR between groups; AND within a group,publisher_confirmed,true,https://www.catan.com/explore-catan/catan-basegame-expansions/play-catan-5-6-players
rec_3a623a0e2abadd,CATAN,Explorers & Pirates,1,1,CATAN,game_catan,base_game,resolved,OR between groups; AND within a group,publisher_summary_only,false,https://www.catan.com/explore-catan/catan-core-family-games
rec_59ba342af86a9e,CATAN,Explorers & Pirates 5-6 Player Expansion,1,1,CATAN,game_catan,base_game,resolved,OR between groups; AND within a group,publisher_confirmed,true,https://www.catan.com/explore-catan/catan-basegame-expansions/play-catan-5-6-players
rec_59ba342af86a9e,CATAN,Explorers & Pirates 5-6 Player Expansion,1,2,Explorers & Pirates,rec_3a623a0e2abadd,expansion_record,resolved,OR between groups; AND within a group,publisher_confirmed,true,https://www.catan.com/explore-catan/catan-basegame-expansions/play-catan-5-6-players
rec_59ba342af86a9e,CATAN,Explorers & Pirates 5-6 Player Expansion,1,3,5-6 Player Expansion,rec_e6c3487b08f716,expansion_record,resolved,OR between groups; AND within a group,publisher_confirmed,true,https://www.catan.com/explore-catan/catan-basegame-expansions/play-catan-5-6-players
rec_1def9ba42c2c6f,CATAN,Legend of the Conquerors,1,1,CATAN,game_catan,base_game,resolved,OR between groups; AND within a group,publisher_confirmed,false,https://www.catan.com/legend-conquerors
rec_1def9ba42c2c6f,CATAN,Legend of the Conquerors,1,2,Cities & Knights,rec_741521f0819815,expansion_record,resolved,OR between groups; AND within a group,publisher_confirmed,false,https://www.catan.com/legend-conquerors
rec_5dd85704d61333,CATAN,Legend of the Sea Robbers,1,1,CATAN,game_catan,base_game,resolved,OR between groups; AND within a group,publisher_confirmed,false,https://www.catan.com/legend-sea-robbers
rec_5dd85704d61333,CATAN,Legend of the Sea Robbers,1,2,Seafarers,rec_e162442abb7b67,expansion_record,resolved,OR between groups; AND within a group,publisher_confirmed,false,https://www.catan.com/legend-sea-robbers
rec_e162442abb7b67,CATAN,Seafarers,1,1,CATAN,game_catan,base_game,resolved,OR between groups; AND within a group,publisher_summary_only,false,https://www.catan.com/explore-catan/catan-core-family-games
rec_6e92a31b7c360a,CATAN,Seafarers 5-6 Player Expansion,1,1,CATAN,game_catan,base_game,resolved,OR between groups; AND within a group,publisher_confirmed,true,https://www.catan.com/explore-catan/catan-basegame-expansions/play-catan-5-6-players
rec_6e92a31b7c360a,CATAN,Seafarers 5-6 Player Expansion,1,2,Seafarers,rec_e162442abb7b67,expansion_record,resolved,OR between groups; AND within a group,publisher_confirmed,true,https://www.catan.com/explore-catan/catan-basegame-expansions/play-catan-5-6-players
rec_6e92a31b7c360a,CATAN,Seafarers 5-6 Player Expansion,1,3,5-6 Player Expansion,rec_e6c3487b08f716,expansion_record,resolved,OR between groups; AND within a group,publisher_confirmed,true,https://www.catan.com/explore-catan/catan-basegame-expansions/play-catan-5-6-players
rec_25b56b35bd65f7,CATAN,Traders & Barbarians,1,1,CATAN,game_catan,base_game,resolved,OR between groups; AND within a group,publisher_summary_only,false,https://www.catan.com/explore-catan/catan-core-family-games
rec_779d88d3f049b5,CATAN,Traders & Barbarians 5-6 Player Expansion,1,1,CATAN,game_catan,base_game,resolved,OR between groups; AND within a group,publisher_confirmed,true,https://www.catan.com/explore-catan/catan-basegame-expansions/play-catan-5-6-players
rec_779d88d3f049b5,CATAN,Traders & Barbarians 5-6 Player Expansion,1,2,Traders & Barbarians,rec_25b56b35bd65f7,expansion_record,resolved,OR between groups; AND within a group,publisher_confirmed,true,https://www.catan.com/explore-catan/catan-basegame-expansions/play-catan-5-6-players
rec_779d88d3f049b5,CATAN,Traders & Barbarians 5-6 Player Expansion,1,3,5-6 Player Expansion,rec_e6c3487b08f716,expansion_record,resolved,OR between groups; AND within a group,publisher_confirmed,true,https://www.catan.com/explore-catan/catan-basegame-expansions/play-catan-5-6-players
rec_cc924ce61f05ee,CATAN,"Treasures, Dragons & Adventurers",1,1,CATAN,game_catan,base_game,resolved,OR between groups; AND within a group,publisher_confirmed,true,https://www.catan.com/treasures-dragons-adventurers
rec_cc924ce61f05ee,CATAN,"Treasures, Dragons & Adventurers",1,2,Seafarers,rec_e162442abb7b67,expansion_record,resolved,OR between groups; AND within a group,publisher_confirmed,true,https://www.catan.com/treasures-dragons-adventurers
rec_cc924ce61f05ee,CATAN,"Treasures, Dragons & Adventurers",1,3,Cities & Knights,rec_741521f0819815,expansion_record,resolved,OR between groups; AND within a group,publisher_confirmed,true,https://www.catan.com/treasures-dragons-adventurers
rec_a062940d1194ba,Clank! A Deck-Building Adventure,Sunken Treasures,1,1,Clank! A Deck-Building Adventure,game_clank-a-deck-building-adventure,base_game,resolved,OR between groups; AND within a group,publisher_confirmed,true,https://www.direwolfdigital.com/clanksunkentreasures/
rec_f15f2e2cc04113,Dune: Imperium,Bloodlines,1,1,Dune: Imperium,game_dune-imperium,base_game,resolved,OR between groups; AND within a group,publisher_confirmed,true,https://www.direwolfdigital.com/dune-imperium-bloodlines/
rec_f15f2e2cc04113,Dune: Imperium,Bloodlines,2,1,Dune: Imperium - Uprising,,external_or_edition_specific_component,requires_mapping,OR between groups; AND within a group,publisher_confirmed,true,https://www.direwolfdigital.com/dune-imperium-bloodlines/
rec_a29140e7afd798,Dune: Imperium - Uprising,Bloodlines,1,1,Dune: Imperium,,external_or_edition_specific_component,requires_mapping,OR between groups; AND within a group,publisher_confirmed,true,https://www.direwolfdigital.com/dune-imperium-bloodlines/
rec_a29140e7afd798,Dune: Imperium - Uprising,Bloodlines,2,1,Dune: Imperium - Uprising,game_dune-imperium-uprising,base_game,resolved,OR between groups; AND within a group,publisher_confirmed,true,https://www.direwolfdigital.com/dune-imperium-bloodlines/
rec_9596b929266113,Eldritch Horror,Forsaken Lore,1,1,Eldritch Horror,game_eldritch-horror,base_game,resolved,OR between groups; AND within a group,publisher_confirmed,true,https://www.fantasyflightgames.com/en/products/eldritch-horror/products/forsaken-lore/
rec_137d8a97bd479e,Lost Ruins of Arnak,Adventure Chest,1,1,Lost Ruins of Arnak,game_lost-ruins-of-arnak,base_game,resolved,OR between groups; AND within a group,publisher_confirmed,true,https://www.czechgames.com/games/lost-ruins-of-arnak-adventure-chest
rec_0f63b81df041ea,Lost Ruins of Arnak,Expedition Leaders,1,1,Lost Ruins of Arnak,game_lost-ruins-of-arnak,base_game,resolved,OR between groups; AND within a group,publisher_confirmed,true,https://www.czechgames.com/games/lost-ruins-of-arnak-expedition-leaders
rec_c8a85308a1d18c,Lost Ruins of Arnak,The Missing Expedition,1,1,Lost Ruins of Arnak,game_lost-ruins-of-arnak,base_game,resolved,OR between groups; AND within a group,publisher_confirmed,true,https://www.czechgames.com/games/lost-ruins-of-arnak-the-missing-expedition
rec_1dde15e2b0b257,Lost Ruins of Arnak,Twisted Paths,1,1,Lost Ruins of Arnak,game_lost-ruins-of-arnak,base_game,resolved,OR between groups; AND within a group,publisher_confirmed,true,https://www.czechgames.com/games/lost-ruins-of-arnak-twisted-paths
rec_a646c9c7126ec4,Marvel Champions: The Card Game,Black Panther (Shuri) Hero Pack,1,1,Marvel Champions: The Card Game,game_marvel-champions-the-card-game,base_game,resolved,OR between groups; AND within a group,publisher_confirmed,true,https://www.fantasyflightgames.com/en/news/2025/4/18/available-now-april-18-1/
rec_a4cfc00d4adada,Marvel Champions: The Card Game,Hercules Hero Pack,1,1,Marvel Champions: The Card Game,game_marvel-champions-the-card-game,base_game,resolved,OR between groups; AND within a group,publisher_confirmed,true,https://www.fantasyflightgames.com/en/news/2026/2/20/available-now-february-20-1/
rec_e1fc850346a395,Marvel Champions: The Card Game,Silk Hero Pack,1,1,Marvel Champions: The Card Game,game_marvel-champions-the-card-game,base_game,resolved,OR between groups; AND within a group,publisher_confirmed,true,https://www.fantasyflightgames.com/en/news/2025/4/18/available-now-april-18-1/
rec_08ab8402b46741,Marvel Champions: The Card Game,Wonder Man Hero Pack,1,1,Marvel Champions: The Card Game,game_marvel-champions-the-card-game,base_game,resolved,OR between groups; AND within a group,publisher_confirmed,true,https://www.fantasyflightgames.com/en/news/2026/2/20/available-now-february-20-1/
rec_e25c2e13d84864,Pandemic,On the Brink,1,1,Pandemic,game_pandemic,base_game,resolved,OR between groups; AND within a group,publisher_confirmed,true,https://store.asmodee.com/products/pandemic-on-the-brink
rec_370f99b7753743,Race for the Galaxy,Alien Artifacts,1,1,Race for the Galaxy,game_race-for-the-galaxy,base_game,resolved,OR between groups; AND within a group,publisher_confirmed,true,https://www.riograndegames.com/games/rftg-alien-artifacts/
rec_5e458e610ea420,Race for the Galaxy,Expansion and Brinkmanship: The Combined 1st Arc Expansion,1,1,Race for the Galaxy (2nd Edition),,external_or_edition_specific_component,requires_mapping,OR between groups; AND within a group,publisher_confirmed,true,https://www.riograndegames.com/games/race-for-the-galaxy-expansion-and-brinkmanship-the-combined-1st-arc-expansion/
rec_eaca78a21f7445,Race for the Galaxy,The Gathering Storm,1,1,Race for the Galaxy,game_race-for-the-galaxy,base_game,resolved,OR between groups; AND within a group,publisher_confirmed,true,https://www.riograndegames.com/games/rftg-the-gathering-storm/
rec_fa4c091d6a4c85,Race for the Galaxy,Xeno Counterstrike,1,1,Race for the Galaxy,game_race-for-the-galaxy,base_game,resolved,OR between groups; AND within a group,publisher_confirmed,true,https://www.riograndegames.com/games/race-for-the-galaxy-xeno-counterstrike/
rec_fa4c091d6a4c85,Race for the Galaxy,Xeno Counterstrike,1,2,Xeno Invasion,rec_bd9fdeb7e33696,expansion_record,resolved,OR between groups; AND within a group,publisher_confirmed,true,https://www.riograndegames.com/games/race-for-the-galaxy-xeno-counterstrike/
rec_bd9fdeb7e33696,Race for the Galaxy,Xeno Invasion,1,1,Race for the Galaxy,game_race-for-the-galaxy,base_game,resolved,OR between groups; AND within a group,publisher_confirmed,true,https://www.riograndegames.com/games/rftg-xeno-invasion/
rec_6e5ba0ac896706,Root,Homeland Hirelings Pack,1,1,Root,game_root,base_game,resolved,OR between groups; AND within a group,publisher_confirmed,true,https://ledergames.com/collections/root/products/root-homeland-hirelings-pack
rec_52189231755278,Root,Landmarks Pack,1,1,Root,game_root,base_game,resolved,OR between groups; AND within a group,publisher_confirmed,true,https://ledergames.com/collections/root/products/root-landmark-pack
rec_a010350cefdeb4,Root,Marauder Hirelings Pack & Hireling Box,1,1,Root,game_root,base_game,resolved,OR between groups; AND within a group,publisher_confirmed,true,https://ledergames.com/collections/root/products/root-marauder-hirelings-pack-hireling-box
rec_63d9898d9beb10,Root,Riverfolk Hirelings Pack,1,1,Root,game_root,base_game,resolved,OR between groups; AND within a group,publisher_confirmed,true,https://ledergames.com/collections/root/products/root-riverfolk-hirelings-pack
rec_f22502e333ae9b,Root,The Clockwork Expansion,1,1,Root,game_root,base_game,resolved,OR between groups; AND within a group,publisher_confirmed,true,https://ledergames.com/collections/root/products/root-the-clockwork-expansion
rec_c827d811df16d7,Root,The Clockwork Expansion 2,1,1,Root,game_root,base_game,resolved,OR between groups; AND within a group,publisher_confirmed_conditional,false,https://ledergames.com/collections/root/products/root-the-clockwork-expansion-2
rec_c827d811df16d7,Root,The Clockwork Expansion 2,1,2,The Riverfolk Expansion,rec_c131d02e3ead19,expansion_record,resolved,OR between groups; AND within a group,publisher_confirmed_conditional,false,https://ledergames.com/collections/root/products/root-the-clockwork-expansion-2
rec_c827d811df16d7,Root,The Clockwork Expansion 2,2,1,Root,game_root,base_game,resolved,OR between groups; AND within a group,publisher_confirmed_conditional,false,https://ledergames.com/collections/root/products/root-the-clockwork-expansion-2
rec_c827d811df16d7,Root,The Clockwork Expansion 2,2,2,The Underworld Expansion,rec_5f93056d270f08,expansion_record,resolved,OR between groups; AND within a group,publisher_confirmed_conditional,false,https://ledergames.com/collections/root/products/root-the-clockwork-expansion-2
rec_2018f105557d15,Root,The Exiles and Partisans Deck,1,1,Root,game_root,base_game,resolved,OR between groups; AND within a group,publisher_confirmed,true,https://ledergames.com/collections/root/products/root-the-exiles-and-partisans-deck
rec_be9654071c329d,Root,The Homeland Expansion,1,1,Root,game_root,base_game,resolved,OR between groups; AND within a group,publisher_confirmed,true,https://ledergames.com/collections/root/products/root-the-homeland-expansion
rec_6e86e2e26a95d7,Root,The Marauder Expansion,1,1,Root,game_root,base_game,resolved,OR between groups; AND within a group,publisher_confirmed,true,https://ledergames.com/collections/root/products/root-the-marauder-expansion
rec_c131d02e3ead19,Root,The Riverfolk Expansion,1,1,Root,game_root,base_game,resolved,OR between groups; AND within a group,publisher_confirmed,true,https://ledergames.com/collections/root/products/root-the-riverfolk-expansion
rec_66c2b87d3dd505,Root,The Squires and Disciples Deck,1,1,Root,game_root,base_game,resolved,OR between groups; AND within a group,publisher_confirmed,true,https://ledergames.com/collections/root/products/root-the-squires-and-disciples-deck
rec_5f93056d270f08,Root,The Underworld Expansion,1,1,Root,game_root,base_game,resolved,OR between groups; AND within a group,publisher_confirmed,true,https://ledergames.com/collections/root/products/root-underworld-expansion
rec_61c3cee87a1748,Root,The Vagabond Pack,1,1,Root,game_root,base_game,resolved,OR between groups; AND within a group,publisher_confirmed,true,https://ledergames.com/collections/root/products/root-the-vagabond-pack
rec_88f9c0932e0c5a,Root,Underworld Hirelings Pack,1,1,Root,game_root,base_game,resolved,OR between groups; AND within a group,publisher_confirmed,true,https://ledergames.com/collections/root/products/root-underworld-hirelings-pack
rec_ded09568bba2cd,Scythe,Invaders from Afar,1,1,Scythe,game_scythe,base_game,resolved,OR between groups; AND within a group,publisher_confirmed,true,https://store.stonemaiergames.com/products/scythe-invaders-from-afar
rec_afeb2ddeb8c21b,Scythe,The Rise of Fenris,1,1,Scythe,game_scythe,base_game,resolved,OR between groups; AND within a group,publisher_confirmed_conditional,false,https://store.stonemaiergames.com/products/scythe-the-rise-of-fenris
rec_2263e42904ac74,Scythe,The Wind Gambit,1,1,Scythe,game_scythe,base_game,resolved,OR between groups; AND within a group,publisher_confirmed,true,https://store.stonemaiergames.com/products/scythe-the-wind-gambit
rec_99b38316f39f95,Spirit Island,Feather & Flame,1,1,Spirit Island,game_spirit-island,base_game,resolved,OR between groups; AND within a group,publisher_confirmed,true,https://shop.greaterthangames.com/products/spirit-island-feather-and-flame
rec_b21f0c3265656c,Spirit Island,Jagged Earth,1,1,Spirit Island,game_spirit-island,base_game,resolved,OR between groups; AND within a group,publisher_confirmed,true,https://shop.greaterthangames.com/products/spirit-island-jagged-earth
rec_1cd1a0deae153a,Spirit Island,Nature Incarnate,1,1,Spirit Island,game_spirit-island,base_game,resolved,OR between groups; AND within a group,publisher_confirmed,true,https://shop.greaterthangames.com/products/spirit-island-nature-incarnate
rec_1cd1a0deae153a,Spirit Island,Nature Incarnate,1,2,Jagged Earth,rec_b21f0c3265656c,expansion_record,resolved,OR between groups; AND within a group,publisher_confirmed,true,https://shop.greaterthangames.com/products/spirit-island-nature-incarnate
rec_a9869418d7a219,Terraforming Mars,Amazonis & Vastitas,1,1,Terraforming Mars,game_terraforming-mars,base_game,resolved,OR between groups; AND within a group,publisher_summary_only,false,https://fryxgames.se/product/terraforming-mars-expansion-bundle/
rec_734d7a00b955f0,Terraforming Mars,Colonies,1,1,Terraforming Mars,game_terraforming-mars,base_game,resolved,OR between groups; AND within a group,publisher_summary_only,false,https://fryxgames.se/product/terraforming-mars-expansion-bundle/
rec_3f30ff74b149aa,Terraforming Mars,Hellas & Elysium,1,1,Terraforming Mars,game_terraforming-mars,base_game,resolved,OR between groups; AND within a group,publisher_summary_only,false,https://fryxgames.se/product/terraforming-mars-expansion-bundle/
rec_ac61a534869040,Terraforming Mars,Prelude,1,1,Terraforming Mars,game_terraforming-mars,base_game,resolved,OR between groups; AND within a group,publisher_summary_only,false,https://fryxgames.se/product/terraforming-mars-expansion-bundle/
rec_fac2439d34cb47,Terraforming Mars,Prelude 2,1,1,Terraforming Mars,game_terraforming-mars,base_game,resolved,OR between groups; AND within a group,publisher_confirmed,true,https://fryxgames.se/product/terraforming-mars-prelude-2/
rec_fac2439d34cb47,Terraforming Mars,Prelude 2,1,2,Prelude,rec_ac61a534869040,expansion_record,resolved,OR between groups; AND within a group,publisher_confirmed,true,https://fryxgames.se/product/terraforming-mars-prelude-2/
rec_0aec7a0d10bfd3,Terraforming Mars,Turmoil,1,1,Terraforming Mars,game_terraforming-mars,base_game,resolved,OR between groups; AND within a group,publisher_summary_only,false,https://fryxgames.se/product/terraforming-mars-expansion-bundle/
rec_1d43e9cff63e82,Terraforming Mars,Utopia & Cimmeria,1,1,Terraforming Mars,game_terraforming-mars,base_game,resolved,OR between groups; AND within a group,publisher_summary_only,false,https://fryxgames.se/product/terraforming-mars-expansion-bundle/
rec_93bc6431199b72,Terraforming Mars,Venus Next,1,1,Terraforming Mars,game_terraforming-mars,base_game,resolved,OR between groups; AND within a group,publisher_summary_only,false,https://fryxgames.se/product/terraforming-mars-expansion-bundle/
rec_108dca81789c81,The Lord of the Rings: The Card Game,Dream-chaser Campaign Expansion,1,1,The Lord of the Rings: The Card Game Revised Core Set,,external_or_edition_specific_component,requires_mapping,OR between groups; AND within a group,publisher_confirmed,true,https://www.fantasyflightgames.com/en/products/the-lord-of-the-rings-the-card-game/products/dream-chaser-campaign-expansion/
rec_1fc915a0e23aa3,The Lord of the Rings: The Card Game,Ered Mithrin Campaign Expansion,1,1,The Lord of the Rings: The Card Game Revised Core Set,,external_or_edition_specific_component,requires_mapping,OR between groups; AND within a group,publisher_confirmed,true,https://www.fantasyflightgames.com/en/products/the-lord-of-the-rings-the-card-game/products/ered-mithrin-campaign-expansion/
rec_231e69c95375d3,The Lord of the Rings: The Card Game,Ered Mithrin Hero Expansion,1,1,The Lord of the Rings: The Card Game Revised Core Set,,external_or_edition_specific_component,requires_mapping,OR between groups; AND within a group,publisher_confirmed,true,https://www.fantasyflightgames.com/en/products/the-lord-of-the-rings-the-card-game/products/ered-mithrin-hero-expansion/
rec_1d309fd6b8402b,The Lord of the Rings: The Card Game,The Two Towers Saga Expansion,1,1,The Lord of the Rings: The Card Game Revised Core Set,,external_or_edition_specific_component,requires_mapping,OR between groups; AND within a group,publisher_confirmed,true,https://www.fantasyflightgames.com/en/products/the-lord-of-the-rings-the-card-game/products/two-towers-saga-expansion/
rec_985b90433b4dd3,Ticket to Ride,Asia,1,1,Ticket to Ride,game_ticket-to-ride,base_game,resolved,OR between groups; AND within a group,publisher_summary_only,false,https://www.daysofwonder.com/universe/ticket-to-ride-map-collection/
rec_985b90433b4dd3,Ticket to Ride,Asia,2,1,Ticket to Ride: Europe,,external_or_edition_specific_component,requires_mapping,OR between groups; AND within a group,publisher_summary_only,false,https://www.daysofwonder.com/universe/ticket-to-ride-map-collection/
rec_0a497daae68787,Ticket to Ride,France & Old West,1,1,Ticket to Ride,game_ticket-to-ride,base_game,resolved,OR between groups; AND within a group,publisher_summary_only,false,https://www.daysofwonder.com/universe/ticket-to-ride-map-collection/
rec_0a497daae68787,Ticket to Ride,France & Old West,2,1,Ticket to Ride: Europe,,external_or_edition_specific_component,requires_mapping,OR between groups; AND within a group,publisher_summary_only,false,https://www.daysofwonder.com/universe/ticket-to-ride-map-collection/
rec_d2cd8dcddf4dac,Ticket to Ride,Iberia,1,1,Ticket to Ride,game_ticket-to-ride,base_game,resolved,OR between groups; AND within a group,publisher_summary_only,false,https://www.daysofwonder.com/universe/ticket-to-ride-map-collection/
rec_d2cd8dcddf4dac,Ticket to Ride,Iberia,2,1,Ticket to Ride: Europe,,external_or_edition_specific_component,requires_mapping,OR between groups; AND within a group,publisher_summary_only,false,https://www.daysofwonder.com/universe/ticket-to-ride-map-collection/
rec_c46919e8dca908,Ticket to Ride,India & Switzerland,1,1,Ticket to Ride,game_ticket-to-ride,base_game,resolved,OR between groups; AND within a group,publisher_summary_only,false,https://www.daysofwonder.com/universe/ticket-to-ride-map-collection/
rec_c46919e8dca908,Ticket to Ride,India & Switzerland,2,1,Ticket to Ride: Europe,,external_or_edition_specific_component,requires_mapping,OR between groups; AND within a group,publisher_summary_only,false,https://www.daysofwonder.com/universe/ticket-to-ride-map-collection/
rec_3e31444f0006a1,Ticket to Ride,Japan & Italy,1,1,Ticket to Ride,game_ticket-to-ride,base_game,resolved,OR between groups; AND within a group,publisher_summary_only,false,https://www.daysofwonder.com/universe/ticket-to-ride-map-collection/
rec_3e31444f0006a1,Ticket to Ride,Japan & Italy,2,1,Ticket to Ride: Europe,,external_or_edition_specific_component,requires_mapping,OR between groups; AND within a group,publisher_summary_only,false,https://www.daysofwonder.com/universe/ticket-to-ride-map-collection/
rec_31ace81cafc239,Ticket to Ride,Nederland,1,1,Ticket to Ride,game_ticket-to-ride,base_game,resolved,OR between groups; AND within a group,publisher_summary_only,false,https://www.daysofwonder.com/universe/ticket-to-ride-map-collection/
rec_31ace81cafc239,Ticket to Ride,Nederland,2,1,Ticket to Ride: Europe,,external_or_edition_specific_component,requires_mapping,OR between groups; AND within a group,publisher_summary_only,false,https://www.daysofwonder.com/universe/ticket-to-ride-map-collection/
rec_3aebb2638e8f24,Ticket to Ride,Poland,1,1,Ticket to Ride,game_ticket-to-ride,base_game,resolved,OR between groups; AND within a group,publisher_summary_only,false,https://www.daysofwonder.com/universe/ticket-to-ride-map-collection/
rec_3aebb2638e8f24,Ticket to Ride,Poland,2,1,Ticket to Ride: Europe,,external_or_edition_specific_component,requires_mapping,OR between groups; AND within a group,publisher_summary_only,false,https://www.daysofwonder.com/universe/ticket-to-ride-map-collection/
rec_ba2f1282969307,Ticket to Ride,The Heart of Africa,1,1,Ticket to Ride,game_ticket-to-ride,base_game,resolved,OR between groups; AND within a group,publisher_summary_only,false,https://www.daysofwonder.com/universe/ticket-to-ride-map-collection/
rec_ba2f1282969307,Ticket to Ride,The Heart of Africa,2,1,Ticket to Ride: Europe,,external_or_edition_specific_component,requires_mapping,OR between groups; AND within a group,publisher_summary_only,false,https://www.daysofwonder.com/universe/ticket-to-ride-map-collection/
rec_9fada6ba74d662,Ticket to Ride,United Kingdom & Pennsylvania,1,1,Ticket to Ride,game_ticket-to-ride,base_game,resolved,OR between groups; AND within a group,publisher_summary_only,false,https://www.daysofwonder.com/universe/ticket-to-ride-map-collection/
rec_9fada6ba74d662,Ticket to Ride,United Kingdom & Pennsylvania,2,1,Ticket to Ride: Europe,,external_or_edition_specific_component,requires_mapping,OR between groups; AND within a group,publisher_summary_only,false,https://www.daysofwonder.com/universe/ticket-to-ride-map-collection/
rec_29ba548d2c7198,Ticket to Ride: Europe,Asia,1,1,Ticket to Ride,,external_or_edition_specific_component,requires_mapping,OR between groups; AND within a group,publisher_summary_only,false,https://www.daysofwonder.com/universe/ticket-to-ride-map-collection/
rec_29ba548d2c7198,Ticket to Ride: Europe,Asia,2,1,Ticket to Ride: Europe,game_ticket-to-ride-europe,base_game,resolved,OR between groups; AND within a group,publisher_summary_only,false,https://www.daysofwonder.com/universe/ticket-to-ride-map-collection/
rec_42af5e12bed90d,Ticket to Ride: Europe,France & Old West,1,1,Ticket to Ride,,external_or_edition_specific_component,requires_mapping,OR between groups; AND within a group,publisher_summary_only,false,https://www.daysofwonder.com/universe/ticket-to-ride-map-collection/
rec_42af5e12bed90d,Ticket to Ride: Europe,France & Old West,2,1,Ticket to Ride: Europe,game_ticket-to-ride-europe,base_game,resolved,OR between groups; AND within a group,publisher_summary_only,false,https://www.daysofwonder.com/universe/ticket-to-ride-map-collection/
rec_a3dca7c57fdd67,Ticket to Ride: Europe,Iberia,1,1,Ticket to Ride,,external_or_edition_specific_component,requires_mapping,OR between groups; AND within a group,publisher_summary_only,false,https://www.daysofwonder.com/universe/ticket-to-ride-map-collection/
rec_a3dca7c57fdd67,Ticket to Ride: Europe,Iberia,2,1,Ticket to Ride: Europe,game_ticket-to-ride-europe,base_game,resolved,OR between groups; AND within a group,publisher_summary_only,false,https://www.daysofwonder.com/universe/ticket-to-ride-map-collection/
rec_da5342ea11c473,Ticket to Ride: Europe,India & Switzerland,1,1,Ticket to Ride,,external_or_edition_specific_component,requires_mapping,OR between groups; AND within a group,publisher_summary_only,false,https://www.daysofwonder.com/universe/ticket-to-ride-map-collection/
rec_da5342ea11c473,Ticket to Ride: Europe,India & Switzerland,2,1,Ticket to Ride: Europe,game_ticket-to-ride-europe,base_game,resolved,OR between groups; AND within a group,publisher_summary_only,false,https://www.daysofwonder.com/universe/ticket-to-ride-map-collection/
rec_beded40e63e49a,Ticket to Ride: Europe,Japan & Italy,1,1,Ticket to Ride,,external_or_edition_specific_component,requires_mapping,OR between groups; AND within a group,publisher_summary_only,false,https://www.daysofwonder.com/universe/ticket-to-ride-map-collection/
rec_beded40e63e49a,Ticket to Ride: Europe,Japan & Italy,2,1,Ticket to Ride: Europe,game_ticket-to-ride-europe,base_game,resolved,OR between groups; AND within a group,publisher_summary_only,false,https://www.daysofwonder.com/universe/ticket-to-ride-map-collection/
rec_8c21e68e2e6821,Ticket to Ride: Europe,Nederland,1,1,Ticket to Ride,,external_or_edition_specific_component,requires_mapping,OR between groups; AND within a group,publisher_summary_only,false,https://www.daysofwonder.com/universe/ticket-to-ride-map-collection/
rec_8c21e68e2e6821,Ticket to Ride: Europe,Nederland,2,1,Ticket to Ride: Europe,game_ticket-to-ride-europe,base_game,resolved,OR between groups; AND within a group,publisher_summary_only,false,https://www.daysofwonder.com/universe/ticket-to-ride-map-collection/
rec_fc2aea965a3d3f,Ticket to Ride: Europe,Poland,1,1,Ticket to Ride,,external_or_edition_specific_component,requires_mapping,OR between groups; AND within a group,publisher_summary_only,false,https://www.daysofwonder.com/universe/ticket-to-ride-map-collection/
rec_fc2aea965a3d3f,Ticket to Ride: Europe,Poland,2,1,Ticket to Ride: Europe,game_ticket-to-ride-europe,base_game,resolved,OR between groups; AND within a group,publisher_summary_only,false,https://www.daysofwonder.com/universe/ticket-to-ride-map-collection/
rec_2483f81b507ddc,Ticket to Ride: Europe,The Heart of Africa,1,1,Ticket to Ride,,external_or_edition_specific_component,requires_mapping,OR between groups; AND within a group,publisher_summary_only,false,https://www.daysofwonder.com/universe/ticket-to-ride-map-collection/
rec_2483f81b507ddc,Ticket to Ride: Europe,The Heart of Africa,2,1,Ticket to Ride: Europe,game_ticket-to-ride-europe,base_game,resolved,OR between groups; AND within a group,publisher_summary_only,false,https://www.daysofwonder.com/universe/ticket-to-ride-map-collection/
rec_0f1292697fd147,Ticket to Ride: Europe,United Kingdom & Pennsylvania,1,1,Ticket to Ride,,external_or_edition_specific_component,requires_mapping,OR between groups; AND within a group,publisher_summary_only,false,https://www.daysofwonder.com/universe/ticket-to-ride-map-collection/
rec_0f1292697fd147,Ticket to Ride: Europe,United Kingdom & Pennsylvania,2,1,Ticket to Ride: Europe,game_ticket-to-ride-europe,base_game,resolved,OR between groups; AND within a group,publisher_summary_only,false,https://www.daysofwonder.com/universe/ticket-to-ride-map-collection/
rec_0696f40dfb3d99,Wingspan,European Expansion,1,1,Wingspan,game_wingspan,base_game,resolved,OR between groups; AND within a group,publisher_confirmed_conditional,false,https://store.stonemaiergames.com/products/wingspan-european-expansion
rec_6c241d6d548c7a,Wingspan,Oceania Expansion,1,1,Wingspan,game_wingspan,base_game,resolved,OR between groups; AND within a group,publisher_confirmed_conditional,false,https://store.stonemaiergames.com/products/wingspan-oceania-expansion
