base_game,base_game_slug,expansion_name,expansion_slug,product_type,publisher,release_year,base_game_required,requires_also,prerequisite_rule,min_players,max_players,what_it_adds,what_it_fixes,complexity_change,group_style,verdict,buy_order,verdict_reason,verdict_sources,price_usd,price_kind,price_source_url,amazon_asin,amazon_url,fact_source_urls,checked_on,notes
Marvel Champions: The Card Game,marvel-champions,NeXt Evolution,next-evolution,big_box,Fantasy Flight Games,2023,yes,,Requires Core Set,1,4,"Cable and Domino (X-Force) with pre-built decks, 5 scenarios (Marauders, Juggernaut, Mister Sinister), player side schemes, campaign",Adds player side schemes and X-Force/mutant deck support; no weak scenario,same,mixed,buy_first,1,"Most-recommended campaign box: players call it no big misses, player side schemes, favorite campaign rewards; chosen over Mad Titan's Shadow 18-to-3 in comparison thread.",https://www.reddit.com/r/MarvelChampionsLCG/comments/1hwxypx/; https://www.reddit.com/r/MarvelChampionsLCG/comments/17y31bm/,47.99,publisher_store,https://store.asmodee.com/products/marvel-champions-the-card-game-next-evolution-expansion,,,https://store.asmodee.com/products/marvel-champions-the-card-game-next-evolution-expansion; https://marvelcdb.com/,2026-10-08,Sixth campaign expansion; Hope Summers loss condition in some fights; Amazon ASIN left blank: captcha blocked dp verification
Marvel Champions: The Card Game,marvel-champions,Age of Apocalypse,age-of-apocalypse,big_box,Fantasy Flight Games,2024,yes,,Requires Core Set,1,4,"Bishop and Magik with pre-built decks, 5 scenarios vs Apocalypse forces, campaign",Concludes the mutant trilogy of boxes,heavier,experienced,buy_first,2,Published as the conclusion of the mutant trilogy and recommended as a strong later box; best after you own a few expansions.,https://www.reddit.com/r/MarvelChampionsLCG/comments/1ln5o9q/; https://www.reddit.com/r/MarvelChampionsLCG/comments/17y31bm/,47.99,publisher_store,https://store.asmodee.com/products/marvel-champions-the-card-game-age-of-apocalypse-expansion,,,https://store.asmodee.com/products/marvel-champions-the-card-game-age-of-apocalypse-expansion; https://marvelcdb.com/,2026-10-08,Seventh campaign expansion; Amazon ASIN left blank: captcha blocked dp verification
Marvel Champions: The Card Game,marvel-champions,Fear No Evil,fear-no-evil,big_box,Fantasy Flight Games,2026,yes,,Requires Core Set,1,4,"Daredevil and Echo with pre-built decks, 6 scenarios (Kingpin and underlings), evolving campaign",Interchangeable villain pairing gives replayability,heavier,experienced,worth_it,3,Newest box; replayable villain mix but setup is more complex and harder for beginners.,https://www.reddit.com/r/MarvelChampionsLCG/comments/17y31bm/,47.99,publisher_store,https://store.asmodee.com/products/marvel-champions-the-card-game-fear-no-evil-expansion,,,https://store.asmodee.com/products/marvel-champions-the-card-game-fear-no-evil-expansion; https://marvelcdb.com/,2026-10-08,Ninth campaign expansion; Amazon ASIN left blank: captcha blocked dp verification
Marvel Champions: The Card Game,marvel-champions,Agents of S.H.I.E.L.D.,agents-of-shield,big_box,Fantasy Flight Games,2025,yes,,Requires Core Set,1,4,"Maria Hill and Nick Fury with pre-built decks, 5 scenarios vs A.I.M. (MODOK, Batroc), traitor campaign",Adds a traitor-hunt campaign and S.H.I.E.L.D. heroes,same,mixed,worth_it,4,Recent box with a traitor campaign; less discussed than the top picks.,https://www.reddit.com/r/MarvelChampionsLCG/comments/17y31bm/,47.99,publisher_store,https://store.asmodee.com/products/marvel-champions-the-card-game-agents-of-s-h-i-e-l-d-expansion,,,https://store.asmodee.com/products/marvel-champions-the-card-game-agents-of-s-h-i-e-l-d-expansion; https://marvelcdb.com/,2026-10-08,Eighth campaign expansion; Amazon ASIN left blank: captcha blocked dp verification
Marvel Champions: The Card Game,marvel-champions,Sinister Motives,sinister-motives,big_box,Fantasy Flight Games,2022,yes,,Requires Core Set,1,4,"Miles Morales and Ghost-Spider heroes, Sinister Six scenarios, Mysterio, Venom Goblin",Best set of scenarios by community vote; good entry box,same,mixed,buy_first,5,Top vote for best scenarios (32 votes) and best-batting-average campaign; Venom Goblin finale is very hard.,https://www.reddit.com/r/MarvelChampionsLCG/comments/1ln5o9q/; https://www.reddit.com/r/MarvelChampionsLCG/comments/17y31bm/; https://www.reddit.com/r/MarvelChampionsLCG/comments/17m3x6a/,44.99,msrp,https://www.fantasyflightgames.com/en/products/marvel-champions-the-card-game/,,,https://www.fantasyflightgames.com/en/products/marvel-champions-the-card-game/; https://marvelcdb.com/,2026-10-08,Prior Asmodee list price $44.99 via Wayback archive; no longer sold on store.asmodee.com; Amazon ASIN left blank: captcha blocked dp verification
Marvel Champions: The Card Game,marvel-champions,Mutant Genesis,mutant-genesis,big_box,Fantasy Flight Games,2022,yes,,Requires Core Set,1,4,"X-Men heroes, 5 varied scenarios incl. Magneto, Mansion Attack, Master Mold",Varied scenarios and fair difficulty curve,same,mixed,worth_it,6,Called favorite all-around group; Magneto tough but fair; a second beginner-friendly campaign.,https://www.reddit.com/r/MarvelChampionsLCG/comments/1ln5o9q/; https://www.reddit.com/r/MarvelChampionsLCG/comments/17y31bm/,44.99,msrp,https://www.fantasyflightgames.com/en/products/marvel-champions-the-card-game/,,,https://www.fantasyflightgames.com/en/products/marvel-champions-the-card-game/; https://marvelcdb.com/,2026-10-08,Prior Asmodee list price $44.99 via Wayback archive; no longer sold on store.asmodee.com; Amazon ASIN left blank: captcha blocked dp verification
Marvel Champions: The Card Game,marvel-champions,Mad Titan's Shadow,mad-titans-shadow,big_box,Fantasy Flight Games,2021,yes,,Requires Core Set,1,4,"Avengers-themed heroes (Adam Warlock, Spectrum), Thanos, Tower Defense, Infinity Gauntlet mechanic",Great villains incl. Thanos; Avengers support,heavier,experienced,worth_it,7,Strong villains but Loki scenario weak and the box is tough without a big card pool.,https://www.reddit.com/r/MarvelChampionsLCG/comments/1ln5o9q/; https://www.reddit.com/r/MarvelChampionsLCG/comments/1hwxypx/,44.99,msrp,https://www.fantasyflightgames.com/en/products/marvel-champions-the-card-game/,,,https://www.fantasyflightgames.com/en/products/marvel-champions-the-card-game/; https://marvelcdb.com/,2026-10-08,Prior Asmodee list price $44.99 via Wayback archive; no longer sold on store.asmodee.com; Amazon ASIN left blank: captcha blocked dp verification
Marvel Champions: The Card Game,marvel-champions,Rise of the Red Skull,rise-of-red-skull,big_box,Fantasy Flight Games,2020,yes,,Requires Core Set,1,4,"First campaign box, including an Absorbing Man scenario and the Red Skull campaign","Straightforward campaign, friendly difficulty",lighter,casual,worth_it,8,Best beginner box per forum posts; heroes weaker and campaign feels like an afterthought.,https://www.reddit.com/r/MarvelChampionsLCG/comments/17m3x6a/; https://www.reddit.com/r/MarvelChampionsLCG/comments/17y31bm/,44.99,msrp,https://www.fantasyflightgames.com/en/products/marvel-champions-the-card-game/,,,https://www.fantasyflightgames.com/en/products/marvel-champions-the-card-game/; https://marvelcdb.com/,2026-10-08,Prior Asmodee list price $44.99 via Wayback archive; no longer sold on store.asmodee.com; Amazon ASIN left blank: captcha blocked dp verification
Marvel Champions: The Card Game,marvel-champions,Galaxy's Most Wanted,galaxys-most-wanted,big_box,Fantasy Flight Games,2021,yes,,Requires Core Set,1,4,Galaxy-themed campaign box with Ronan as a final villain,Space-themed variety,heavier,experienced,depends,9,Repeatedly flagged very hard and worst of the first trilogy; avoid as an early purchase.,https://www.reddit.com/r/MarvelChampionsLCG/comments/17m3x6a/; https://www.reddit.com/r/MarvelChampionsLCG/comments/17y31bm/,44.99,msrp,https://www.fantasyflightgames.com/en/products/marvel-champions-the-card-game/,,,https://www.fantasyflightgames.com/en/products/marvel-champions-the-card-game/; https://marvelcdb.com/,2026-10-08,Prior Asmodee list price $44.99 via Wayback archive; no longer sold on store.asmodee.com; Amazon ASIN left blank: captcha blocked dp verification
Marvel Champions: The Card Game,marvel-champions,Civil War,civil-war,big_box,Fantasy Flight Games,2025,yes,,Requires Core Set,1,4,"Tigra and Hulkling, 4 customizable hero-leader scenarios, optional competitive mode",Adds optional PvP and customizable scenarios,heavier,experienced,skip_unless,10,"No villains; centered on hero-vs-hero scenarios and an optional competitive mode, so only for owners wanting that.",https://store.asmodee.com/products/marvel-champions-the-card-game-civil-war-expansion,47.99,publisher_store,https://store.asmodee.com/products/marvel-champions-the-card-game-civil-war-expansion,,,https://store.asmodee.com/products/marvel-champions-the-card-game-civil-war-expansion; https://marvelcdb.com/,2026-10-08,Not a numbered campaign expansion; Amazon ASIN left blank: captcha blocked dp verification
Marvel Champions: The Card Game,marvel-champions,Venom Hero Pack,venom-hero-pack,mini_expansion,Fantasy Flight Games,2021,yes,,Requires Core Set,1,4,"Agent Venom (Flash Thompson), 60-card pre-built deck with Justice cards",Adds a Justice hero for balance,same,mixed,worth_it,11,"Popular first hero pack; buyers warn this is Flash Thompson, not Eddie Brock.",https://www.reddit.com/r/MarvelChampionsLCG/comments/17m3x6a/,18.99,publisher_store,https://store.asmodee.com/products/marvel-champions-the-card-game-venom-hero-pack,,,https://store.asmodee.com/products/marvel-champions-the-card-game-venom-hero-pack; https://marvelcdb.com/,2026-10-08,Release 2021-07-16; Amazon ASIN left blank: captcha blocked dp verification
