source_id,url,domain,used_as,records_referencing_source,checked_on,notes
src_c8a198769654,https://boardgamegeekstore.com/collections/bgg-store-promos,boardgamegeekstore.com,last_pass_source_url;supporting_source_url,31,2026-09-20T14:35:11+00:00,Evidence scope is field-specific; a URL or catalogue identity does not by itself verify every product fact.
src_0e30f6a9679c,https://boardgamegeekstore.com/collections/bgg-store-promos?page=2,boardgamegeekstore.com,last_pass_source_url;supporting_source_url,27,2026-09-20T14:35:11+00:00,Evidence scope is field-specific; a URL or catalogue identity does not by itself verify every product fact.
src_c55a1c38d3f3,https://boardgamegeekstore.com/collections/bgg-store-promos?page=3,boardgamegeekstore.com,last_pass_source_url;supporting_source_url,13,2026-09-20T14:35:11+00:00,Evidence scope is field-specific; a URL or catalogue identity does not by itself verify every product fact.
src_930e2f31ccae,https://boardgamegeekstore.com/collections/bgg-store-promos?page=4,boardgamegeekstore.com,last_pass_source_url;supporting_source_url,17,2026-09-20T14:35:11+00:00,Evidence scope is field-specific; a URL or catalogue identity does not by itself verify every product fact.
src_08394896029e,https://boardgamegeekstore.com/collections/bgg-store-promos?page=5,boardgamegeekstore.com,last_pass_source_url;supporting_source_url,16,2026-09-20T14:35:11+00:00,Evidence scope is field-specific; a URL or catalogue identity does not by itself verify every product fact.
src_c00a97cebf6d,https://capstone-games.com/products/ark-nova-marine-worlds,capstone-games.com,last_pass_source_url;official_source_url;price_source_url;purchase_url;recommendation_evidence_url,1,2026-09-20T14:35:11+00:00,Evidence scope is field-specific; a URL or catalogue identity does not by itself verify every product fact.
src_731a0f5c38a1,https://direwolfdigital.com/dune-imperium/,direwolfdigital.com,last_pass_source_url;official_source_url,2,2026-09-20T14:35:11+00:00,Evidence scope is field-specific; a URL or catalogue identity does not by itself verify every product fact.
src_4612f5847dd8,https://floodgate.games/products/sagrada-glory,floodgate.games,last_pass_source_url;official_source_url;price_source_url;purchase_url,1,2026-09-20T14:35:11+00:00,Evidence scope is field-specific; a URL or catalogue identity does not by itself verify every product fact.
src_4a7beb3aac0b,https://floodgate.games/products/sagrada-life,floodgate.games,last_pass_source_url;official_source_url;price_source_url;purchase_url,2,2026-09-20T14:35:11+00:00,Evidence scope is field-specific; a URL or catalogue identity does not by itself verify every product fact.
src_1d803adbf80e,https://floodgate.games/products/sagrada-passion,floodgate.games,last_pass_source_url;official_source_url;price_source_url;purchase_url,1,2026-09-20T14:35:11+00:00,Evidence scope is field-specific; a URL or catalogue identity does not by itself verify every product fact.
src_9e7e8a4c1dfc,https://fryxgames.se/product/terraforming-mars-expansion-bundle/,fryxgames.se,last_pass_source_url;official_source_url,10,2026-09-20T14:35:11+00:00,Evidence scope is field-specific; a URL or catalogue identity does not by itself verify every product fact.
src_11d0689e7c8a,https://fryxgames.se/product/terraforming-mars-prelude-2/,fryxgames.se,last_pass_source_url;official_source_url,1,2026-09-20T14:35:11+00:00,Evidence scope is field-specific; a URL or catalogue identity does not by itself verify every product fact.
src_c0536e09c373,https://gamefound.com/en/projects/mindclash-games/septima/products/details/27646,gamefound.com,last_pass_source_url;official_source_url;purchase_url,1,2026-09-20T14:35:11+00:00,Evidence scope is field-specific; a URL or catalogue identity does not by itself verify every product fact.
src_dd83c1580585,https://indieboardsandcards.com/type/expansions/,indieboardsandcards.com,last_pass_source_url;official_source_url,32,2026-09-20T14:35:11+00:00,Evidence scope is field-specific; a URL or catalogue identity does not by itself verify every product fact.
src_6be062f4b491,https://ledergames.com/collections/root/products/root-homeland-hirelings-pack,ledergames.com,last_pass_source_url;official_source_url;price_source_url;purchase_url,1,2026-09-20T14:35:11+00:00,Evidence scope is field-specific; a URL or catalogue identity does not by itself verify every product fact.
src_1700fd538e06,https://ledergames.com/collections/root/products/root-landmark-pack,ledergames.com,last_pass_source_url;official_source_url;price_source_url;purchase_url,1,2026-09-20T14:35:11+00:00,Evidence scope is field-specific; a URL or catalogue identity does not by itself verify every product fact.
src_a6ac70788697,https://ledergames.com/collections/root/products/root-marauder-hirelings-pack-hireling-box,ledergames.com,last_pass_source_url;official_source_url;price_source_url;purchase_url,1,2026-09-20T14:35:11+00:00,Evidence scope is field-specific; a URL or catalogue identity does not by itself verify every product fact.
src_86677a32b870,https://ledergames.com/collections/root/products/root-riverfolk-hirelings-pack,ledergames.com,last_pass_source_url;official_source_url;price_source_url;purchase_url,1,2026-09-20T14:35:11+00:00,Evidence scope is field-specific; a URL or catalogue identity does not by itself verify every product fact.
src_21b82652e62b,https://ledergames.com/collections/root/products/root-the-clockwork-expansion,ledergames.com,last_pass_source_url;official_source_url;price_source_url;purchase_url;recommendation_evidence_url,1,2026-09-20T14:35:11+00:00,Evidence scope is field-specific; a URL or catalogue identity does not by itself verify every product fact.
src_45d1dd56de7a,https://ledergames.com/collections/root/products/root-the-clockwork-expansion-2,ledergames.com,last_pass_source_url;official_source_url;price_source_url;purchase_url;recommendation_evidence_url,1,2026-09-20T14:35:11+00:00,Evidence scope is field-specific; a URL or catalogue identity does not by itself verify every product fact.
src_b7894c2c582b,https://ledergames.com/collections/root/products/root-the-exiles-and-partisans-deck,ledergames.com,last_pass_source_url;official_source_url;price_source_url;purchase_url;recommendation_evidence_url,1,2026-09-20T14:35:11+00:00,Evidence scope is field-specific; a URL or catalogue identity does not by itself verify every product fact.
src_b54a75aaaa99,https://ledergames.com/collections/root/products/root-the-homeland-expansion,ledergames.com,last_pass_source_url;official_source_url;price_source_url;purchase_url;recommendation_evidence_url,1,2026-09-20T14:35:11+00:00,Evidence scope is field-specific; a URL or catalogue identity does not by itself verify every product fact.
src_0b8065042080,https://ledergames.com/collections/root/products/root-the-marauder-expansion,ledergames.com,last_pass_source_url;official_source_url;price_source_url;purchase_url;recommendation_evidence_url,1,2026-09-20T14:35:11+00:00,Evidence scope is field-specific; a URL or catalogue identity does not by itself verify every product fact.
src_fed069fe6129,https://ledergames.com/collections/root/products/root-the-riverfolk-expansion,ledergames.com,last_pass_source_url;official_source_url;price_source_url;purchase_url;recommendation_evidence_url,1,2026-09-20T14:35:11+00:00,Evidence scope is field-specific; a URL or catalogue identity does not by itself verify every product fact.
src_aa0728c60409,https://ledergames.com/collections/root/products/root-the-squires-and-disciples-deck,ledergames.com,last_pass_source_url;official_source_url;price_source_url;purchase_url,1,2026-09-20T14:35:11+00:00,Evidence scope is field-specific; a URL or catalogue identity does not by itself verify every product fact.
src_7280462e74db,https://ledergames.com/collections/root/products/root-the-vagabond-pack,ledergames.com,last_pass_source_url;official_source_url;price_source_url;purchase_url;recommendation_evidence_url,1,2026-09-20T14:35:11+00:00,Evidence scope is field-specific; a URL or catalogue identity does not by itself verify every product fact.
src_e489b716bb29,https://ledergames.com/collections/root/products/root-underworld-expansion,ledergames.com,last_pass_source_url;official_source_url;price_source_url;purchase_url;recommendation_evidence_url,1,2026-09-20T14:35:11+00:00,Evidence scope is field-specific; a URL or catalogue identity does not by itself verify every product fact.
src_2d913bbaefc4,https://ledergames.com/collections/root/products/root-underworld-hirelings-pack,ledergames.com,last_pass_source_url;official_source_url;price_source_url;purchase_url,1,2026-09-20T14:35:11+00:00,Evidence scope is field-specific; a URL or catalogue identity does not by itself verify every product fact.
src_3ec9fb38d92a,https://news.direwolfdigital.com/everything-you-need-to-know-about-the-clank-master-thief-editions/,news.direwolfdigital.com,last_pass_source_url;official_source_url,11,2026-09-20T14:35:11+00:00,Evidence scope is field-specific; a URL or catalogue identity does not by itself verify every product fact.
src_10b8296cb16b,https://raw.githubusercontent.com/Kamalisk/arkhamdb-json-data/master/packs.json,raw.githubusercontent.com,last_pass_source_url;supporting_source_url,109,2026-09-20T14:35:11+00:00,Evidence scope is field-specific; a URL or catalogue identity does not by itself verify every product fact.
src_5e89237a4170,https://raw.githubusercontent.com/zzorba/marvelsdb-json-data/master/packs.json,raw.githubusercontent.com,last_pass_source_url;supporting_source_url,62,2026-09-20T14:35:11+00:00,Evidence scope is field-specific; a URL or catalogue identity does not by itself verify every product fact.
src_a6f5ca68486a,https://shop.direwolfdigital.com/products/dune-imperium-bloodlines,shop.direwolfdigital.com,last_pass_source_url;purchase_url;supporting_source_url,2,2026-09-20T14:35:11+00:00,Evidence scope is field-specific; a URL or catalogue identity does not by itself verify every product fact.
src_f5eddd00b348,https://shop.greaterthangames.com/products/spirit-island-branch-claw,shop.greaterthangames.com,last_pass_source_url;official_source_url;price_source_url;purchase_url,1,2026-09-20T14:35:11+00:00,Evidence scope is field-specific; a URL or catalogue identity does not by itself verify every product fact.
src_9fe86b4c19bb,https://shop.greaterthangames.com/products/spirit-island-feather-and-flame,shop.greaterthangames.com,last_pass_source_url;official_source_url;price_source_url;purchase_url,3,2026-09-20T14:35:11+00:00,Evidence scope is field-specific; a URL or catalogue identity does not by itself verify every product fact.
src_37bef72bfca0,https://shop.greaterthangames.com/products/spirit-island-jagged-earth,shop.greaterthangames.com,last_pass_source_url;official_source_url;price_source_url;purchase_url;recommendation_evidence_url,1,2026-09-20T14:35:11+00:00,Evidence scope is field-specific; a URL or catalogue identity does not by itself verify every product fact.
src_2c7a8cecde1b,https://shop.greaterthangames.com/products/spirit-island-nature-incarnate,shop.greaterthangames.com,last_pass_source_url;official_source_url;price_source_url;purchase_url;recommendation_evidence_url,1,2026-09-20T14:35:11+00:00,Evidence scope is field-specific; a URL or catalogue identity does not by itself verify every product fact.
src_3f3a1b4d7f19,https://store.asmodee.com/collections/marvel-champions-lcg,store.asmodee.com,last_pass_source_url;official_source_url,2,2026-09-20T14:35:11+00:00,Evidence scope is field-specific; a URL or catalogue identity does not by itself verify every product fact.
src_a9f2b398cf7b,https://store.asmodee.com/products/pandemic-on-the-brink,store.asmodee.com,last_pass_source_url;official_source_url;price_source_url;purchase_url,1,2026-09-20T14:35:11+00:00,Evidence scope is field-specific; a URL or catalogue identity does not by itself verify every product fact.
src_aff0ab169dbd,https://store.czechgames.com/products/lost-ruins-of-arnak-twisted-paths,store.czechgames.com,price_source_url;purchase_url,1,2026-09-20T14:35:11+00:00,Evidence scope is field-specific; a URL or catalogue identity does not by itself verify every product fact.
src_f643cac82866,https://store.stonemaiergames.com/collections/wingspan,store.stonemaiergames.com,last_pass_source_url;official_source_url;price_source_url,23,2026-09-20T14:35:11+00:00,Evidence scope is field-specific; a URL or catalogue identity does not by itself verify every product fact.
src_40f2dbd54455,https://store.stonemaiergames.com/products/scythe-invaders-from-afar,store.stonemaiergames.com,last_pass_source_url;official_source_url;price_source_url;purchase_url;recommendation_evidence_url,1,2026-09-20T14:35:11+00:00,Evidence scope is field-specific; a URL or catalogue identity does not by itself verify every product fact.
src_1375218811fd,https://store.stonemaiergames.com/products/scythe-the-rise-of-fenris,store.stonemaiergames.com,last_pass_source_url;official_source_url;price_source_url;purchase_url;recommendation_evidence_url,1,2026-09-20T14:35:11+00:00,Evidence scope is field-specific; a URL or catalogue identity does not by itself verify every product fact.
src_a5800cd3cf8b,https://store.stonemaiergames.com/products/scythe-the-wind-gambit,store.stonemaiergames.com,last_pass_source_url;official_source_url;price_source_url;purchase_url;recommendation_evidence_url,1,2026-09-20T14:35:11+00:00,Evidence scope is field-specific; a URL or catalogue identity does not by itself verify every product fact.
src_c1f3a7fc99a4,https://store.stonemaiergames.com/products/wingspan-asia-expansion,store.stonemaiergames.com,last_pass_source_url;official_source_url;price_source_url;purchase_url;recommendation_evidence_url,1,2026-09-20T14:35:11+00:00,Evidence scope is field-specific; a URL or catalogue identity does not by itself verify every product fact.
src_a8ca928351e8,https://store.stonemaiergames.com/products/wingspan-european-expansion,store.stonemaiergames.com,last_pass_source_url;official_source_url;price_source_url;purchase_url;recommendation_evidence_url,1,2026-09-20T14:35:11+00:00,Evidence scope is field-specific; a URL or catalogue identity does not by itself verify every product fact.
src_e88c890da39f,https://store.stonemaiergames.com/products/wingspan-oceania-expansion,store.stonemaiergames.com,last_pass_source_url;official_source_url;price_source_url;purchase_url;recommendation_evidence_url,1,2026-09-20T14:35:11+00:00,Evidence scope is field-specific; a URL or catalogue identity does not by itself verify every product fact.
src_06b261521a05,https://tycoongames.com/collections/everdell,tycoongames.com,last_pass_source_url;official_source_url;price_source_url,5,2026-09-20T14:35:11+00:00,Evidence scope is field-specific; a URL or catalogue identity does not by itself verify every product fact.
src_56c003b912a1,https://tycoongames.com/products/everdell-complete-collection,tycoongames.com,last_pass_source_url;official_source_url;price_source_url;purchase_url;recommendation_evidence_url,4,2026-09-20T14:35:11+00:00,Evidence scope is field-specific; a URL or catalogue identity does not by itself verify every product fact.
src_0c4c542c15c3,https://uk.shop.mindclashgames.com/product-category/expansions/,uk.shop.mindclashgames.com,last_pass_source_url;official_source_url,10,2026-09-20T14:35:11+00:00,Evidence scope is field-specific; a URL or catalogue identity does not by itself verify every product fact.
src_a0e33ed8ff93,https://upperdeck.com/is-legendary-a-marvel-deckbuilding-game-second-edition-backwards-compatible-with-all-expansions/,upperdeck.com,supporting_source_url,16,2026-09-20T14:35:11+00:00,Evidence scope is field-specific; a URL or catalogue identity does not by itself verify every product fact.
src_df44c8f5b0ea,https://upperdeckstore.com/legendary,upperdeckstore.com,last_pass_source_url;official_source_url;price_source_url,19,2026-09-20T14:35:11+00:00,Evidence scope is field-specific; a URL or catalogue identity does not by itself verify every product fact.
src_95e234b289ec,https://www.alderac.com/smash-up/,www.alderac.com,last_pass_source_url;official_source_url,27,2026-09-20T14:35:11+00:00,Evidence scope is field-specific; a URL or catalogue identity does not by itself verify every product fact.
src_4cf2d7047996,https://www.amazon.com/dp/B07YQ6FS8G,www.amazon.com,amazon_us_url,1,2026-09-20T14:35:11+00:00,Evidence scope is field-specific; a URL or catalogue identity does not by itself verify every product fact.
src_37c5e203759a,https://www.amazon.com/dp/B085DLZRFQ,www.amazon.com,amazon_us_url,1,2026-09-20T14:35:11+00:00,Evidence scope is field-specific; a URL or catalogue identity does not by itself verify every product fact.
src_fdb15cd109fc,https://www.amazon.com/dp/B0DCL7ZG59,www.amazon.com,amazon_us_url,1,2026-09-20T14:35:11+00:00,Evidence scope is field-specific; a URL or catalogue identity does not by itself verify every product fact.
src_0c10ad991345,https://www.amazon.com/dp/B0DJDX61G1,www.amazon.com,amazon_us_url,1,2026-09-20T14:35:11+00:00,Evidence scope is field-specific; a URL or catalogue identity does not by itself verify every product fact.
src_14ea8ac3bb0c,https://www.catan.com/explore-catan/catan-basegame-expansions/play-catan-5-6-players,www.catan.com,last_pass_source_url;official_source_url,5,2026-09-20T14:35:11+00:00,Evidence scope is field-specific; a URL or catalogue identity does not by itself verify every product fact.
src_810caf40fa75,https://www.catan.com/explore-catan/catan-core-family-games,www.catan.com,last_pass_source_url;official_source_url;recommendation_evidence_url,7,2026-09-20T14:35:11+00:00,Evidence scope is field-specific; a URL or catalogue identity does not by itself verify every product fact.
src_d25147886838,https://www.catan.com/legend-conquerors,www.catan.com,last_pass_source_url;official_source_url;recommendation_evidence_url,1,2026-09-20T14:35:11+00:00,Evidence scope is field-specific; a URL or catalogue identity does not by itself verify every product fact.
src_ed65419fbc7b,https://www.catan.com/legend-sea-robbers,www.catan.com,last_pass_source_url;official_source_url;recommendation_evidence_url,1,2026-09-20T14:35:11+00:00,Evidence scope is field-specific; a URL or catalogue identity does not by itself verify every product fact.
src_88e2683b2092,https://www.catan.com/treasures-dragons-adventurers,www.catan.com,last_pass_source_url;official_source_url,1,2026-09-20T14:35:11+00:00,Evidence scope is field-specific; a URL or catalogue identity does not by itself verify every product fact.
src_ba49b80ad07c,https://www.czechgames.com/for-press-games/lost-ruins-of-arnak-the-missing-expedition,www.czechgames.com,price_source_url;supporting_source_url,1,2026-09-20T14:35:11+00:00,Evidence scope is field-specific; a URL or catalogue identity does not by itself verify every product fact.
src_3ef61a4e3ee2,https://www.czechgames.com/games/lost-ruins-of-arnak-adventure-chest,www.czechgames.com,last_pass_source_url;official_source_url;recommendation_evidence_url,1,2026-09-20T14:35:11+00:00,Evidence scope is field-specific; a URL or catalogue identity does not by itself verify every product fact.
src_271b147835cf,https://www.czechgames.com/games/lost-ruins-of-arnak-expedition-leaders,www.czechgames.com,last_pass_source_url;official_source_url;recommendation_evidence_url,1,2026-09-20T14:35:11+00:00,Evidence scope is field-specific; a URL or catalogue identity does not by itself verify every product fact.
src_1015ba299b92,https://www.czechgames.com/games/lost-ruins-of-arnak-the-missing-expedition,www.czechgames.com,last_pass_source_url;official_source_url;recommendation_evidence_url,1,2026-09-20T14:35:11+00:00,Evidence scope is field-specific; a URL or catalogue identity does not by itself verify every product fact.
src_915a2292a816,https://www.czechgames.com/games/lost-ruins-of-arnak-twisted-paths,www.czechgames.com,last_pass_source_url;official_source_url;recommendation_evidence_url,4,2026-09-20T14:35:11+00:00,Evidence scope is field-specific; a URL or catalogue identity does not by itself verify every product fact.
src_ed38f17157a3,https://www.daysofwonder.com/universe/five-tribes/,www.daysofwonder.com,last_pass_source_url;official_source_url;supporting_source_url,9,2026-09-20T14:35:11+00:00,Evidence scope is field-specific; a URL or catalogue identity does not by itself verify every product fact.
src_640579973d26,https://www.daysofwonder.com/universe/heat/,www.daysofwonder.com,last_pass_source_url;official_source_url,15,2026-09-20T14:35:11+00:00,Evidence scope is field-specific; a URL or catalogue identity does not by itself verify every product fact.
src_7e1b6675ee37,https://www.daysofwonder.com/universe/small-world-expansions/,www.daysofwonder.com,last_pass_source_url;official_source_url,8,2026-09-20T14:35:11+00:00,Evidence scope is field-specific; a URL or catalogue identity does not by itself verify every product fact.
src_0aca9fb4c39b,https://www.daysofwonder.com/universe/ticket-to-ride-map-collection/,www.daysofwonder.com,last_pass_source_url;official_source_url,18,2026-09-20T14:35:11+00:00,Evidence scope is field-specific; a URL or catalogue identity does not by itself verify every product fact.
src_243f9bb74b9f,https://www.daysofwonder.com/universe/ticket-to-ride/page/2/,www.daysofwonder.com,last_pass_source_url;official_source_url,2,2026-09-20T14:35:11+00:00,Evidence scope is field-specific; a URL or catalogue identity does not by itself verify every product fact.
src_0da5a04f8b85,https://www.direwolfdigital.com/clanksunkentreasures/,www.direwolfdigital.com,last_pass_source_url;official_source_url,1,2026-09-20T14:35:11+00:00,Evidence scope is field-specific; a URL or catalogue identity does not by itself verify every product fact.
src_f29ad69b1e13,https://www.direwolfdigital.com/dune-imperium-bloodlines/,www.direwolfdigital.com,official_source_url;price_source_url,2,2026-09-20T14:35:11+00:00,Evidence scope is field-specific; a URL or catalogue identity does not by itself verify every product fact.
src_d5cc823444e1,https://www.fantasyflightgames.com/en/news/2014/2/10/forsaken-lore/,www.fantasyflightgames.com,supporting_source_url,1,2026-09-20T14:35:11+00:00,Evidence scope is field-specific; a URL or catalogue identity does not by itself verify every product fact.
src_8b1c2cb07a54,https://www.fantasyflightgames.com/en/news/2016/8/12/a-horror-without-end/,www.fantasyflightgames.com,last_pass_source_url;official_source_url,2,2026-09-20T14:35:11+00:00,Evidence scope is field-specific; a URL or catalogue identity does not by itself verify every product fact.
src_875d588ea401,https://www.fantasyflightgames.com/en/news/2023/10/6/available-now-october-6/,www.fantasyflightgames.com,supporting_source_url,1,2026-09-20T14:35:11+00:00,Evidence scope is field-specific; a URL or catalogue identity does not by itself verify every product fact.
src_95df3c4ac90f,https://www.fantasyflightgames.com/en/news/2023/7/13/the-blob-that-ate-everything-else/,www.fantasyflightgames.com,last_pass_source_url;official_source_url,1,2026-09-20T14:35:11+00:00,Evidence scope is field-specific; a URL or catalogue identity does not by itself verify every product fact.
src_32e12698e140,https://www.fantasyflightgames.com/en/news/2023/8/11/available-now-august-11/,www.fantasyflightgames.com,supporting_source_url,1,2026-09-20T14:35:11+00:00,Evidence scope is field-specific; a URL or catalogue identity does not by itself verify every product fact.
src_40d84a0eb094,https://www.fantasyflightgames.com/en/news/2025/4/18/available-now-april-18-1/,www.fantasyflightgames.com,last_pass_source_url;official_source_url,2,2026-09-20T14:35:11+00:00,Evidence scope is field-specific; a URL or catalogue identity does not by itself verify every product fact.
src_5da08f15a36f,https://www.fantasyflightgames.com/en/news/2026/2/20/available-now-february-20-1/,www.fantasyflightgames.com,last_pass_source_url;official_source_url,2,2026-09-20T14:35:11+00:00,Evidence scope is field-specific; a URL or catalogue identity does not by itself verify every product fact.
src_94fc2226102f,https://www.fantasyflightgames.com/en/products/arkham-horror-the-card-game/,www.fantasyflightgames.com,last_pass_source_url;official_source_url,47,2026-09-20T14:35:11+00:00,Evidence scope is field-specific; a URL or catalogue identity does not by itself verify every product fact.
src_1f1b5028b635,https://www.fantasyflightgames.com/en/products/arkham-horror-the-card-game/products/blob-ate-everything/,www.fantasyflightgames.com,last_pass_source_url;official_source_url;price_source_url;purchase_url,1,2026-09-20T14:35:11+00:00,Evidence scope is field-specific; a URL or catalogue identity does not by itself verify every product fact.
src_c15cf577d773,https://www.fantasyflightgames.com/en/products/arkham-horror-third-edition/,www.fantasyflightgames.com,last_pass_source_url;official_source_url,4,2026-09-20T14:35:11+00:00,Evidence scope is field-specific; a URL or catalogue identity does not by itself verify every product fact.
src_7962acbadcc0,https://www.fantasyflightgames.com/en/products/eldritch-horror/,www.fantasyflightgames.com,last_pass_source_url;official_source_url,7,2026-09-20T14:35:11+00:00,Evidence scope is field-specific; a URL or catalogue identity does not by itself verify every product fact.
src_a4a9060cfd61,https://www.fantasyflightgames.com/en/products/eldritch-horror/products/forsaken-lore/,www.fantasyflightgames.com,last_pass_source_url;official_source_url;price_source_url;purchase_url;recommendation_evidence_url,1,2026-09-20T14:35:11+00:00,Evidence scope is field-specific; a URL or catalogue identity does not by itself verify every product fact.
src_d364913ab2b1,https://www.fantasyflightgames.com/en/products/mansions-of-madness-second-edition/,www.fantasyflightgames.com,last_pass_source_url;official_source_url,5,2026-09-20T14:35:11+00:00,Evidence scope is field-specific; a URL or catalogue identity does not by itself verify every product fact.
src_0e30d0e5ac27,https://www.fantasyflightgames.com/en/products/mansions-of-madness-second-edition/products/suppressed-memories-figure-and-tile-collection/,www.fantasyflightgames.com,last_pass_source_url;supporting_source_url,1,2026-09-20T14:35:11+00:00,Evidence scope is field-specific; a URL or catalogue identity does not by itself verify every product fact.
src_bdd5d99a937c,https://www.fantasyflightgames.com/en/products/the-lord-of-the-rings-the-card-game/products/dream-chaser-campaign-expansion/,www.fantasyflightgames.com,last_pass_source_url;official_source_url;price_source_url;purchase_url,1,2026-09-20T14:35:11+00:00,Evidence scope is field-specific; a URL or catalogue identity does not by itself verify every product fact.
src_4313ed2c45ff,https://www.fantasyflightgames.com/en/products/the-lord-of-the-rings-the-card-game/products/ered-mithrin-campaign-expansion/,www.fantasyflightgames.com,last_pass_source_url;official_source_url;price_source_url;purchase_url;recommendation_evidence_url,1,2026-09-20T14:35:11+00:00,Evidence scope is field-specific; a URL or catalogue identity does not by itself verify every product fact.
src_a43e3c7d5b88,https://www.fantasyflightgames.com/en/products/the-lord-of-the-rings-the-card-game/products/ered-mithrin-hero-expansion/,www.fantasyflightgames.com,last_pass_source_url;official_source_url;price_source_url;purchase_url;recommendation_evidence_url,1,2026-09-20T14:35:11+00:00,Evidence scope is field-specific; a URL or catalogue identity does not by itself verify every product fact.
src_4d5013ab2e12,https://www.fantasyflightgames.com/en/products/the-lord-of-the-rings-the-card-game/products/return-king-saga-expansion/,www.fantasyflightgames.com,last_pass_source_url;official_source_url;price_source_url;purchase_url,1,2026-09-20T14:35:11+00:00,Evidence scope is field-specific; a URL or catalogue identity does not by itself verify every product fact.
src_2c5d48634b77,https://www.fantasyflightgames.com/en/products/the-lord-of-the-rings-the-card-game/products/two-towers-saga-expansion/,www.fantasyflightgames.com,last_pass_source_url;official_source_url;price_source_url;purchase_url;recommendation_evidence_url,1,2026-09-20T14:35:11+00:00,Evidence scope is field-specific; a URL or catalogue identity does not by itself verify every product fact.
src_09de7aad6af8,https://www.garphill.com/collections/medieval-trilogies,www.garphill.com,last_pass_source_url;official_source_url;price_source_url,8,2026-09-20T14:35:11+00:00,Evidence scope is field-specific; a URL or catalogue identity does not by itself verify every product fact.
src_63c03fe784dc,https://www.garphill.com/collections/north-sea,www.garphill.com,last_pass_source_url;official_source_url;price_source_url,6,2026-09-20T14:35:11+00:00,Evidence scope is field-specific; a URL or catalogue identity does not by itself verify every product fact.
src_d3fb2412e6d6,https://www.garphill.com/collections/west-kingdom,www.garphill.com,last_pass_source_url;official_source_url,11,2026-09-20T14:35:11+00:00,Evidence scope is field-specific; a URL or catalogue identity does not by itself verify every product fact.
src_5814f1220ff0,https://www.hans-im-glueck.de/en/?news=a-new-carcassonne-world,www.hans-im-glueck.de,supporting_source_url,9,2026-09-20T14:35:11+00:00,Evidence scope is field-specific; a URL or catalogue identity does not by itself verify every product fact.
src_33e36cd5c276,https://www.hans-im-glueck.de/en/game/carcassonne/inns-and-cathedrals/,www.hans-im-glueck.de,last_pass_source_url;official_source_url,1,2026-09-20T14:35:11+00:00,Evidence scope is field-specific; a URL or catalogue identity does not by itself verify every product fact.
src_f8479b4ba62b,https://www.hans-im-glueck.de/en/unsere-spiele/carcassonne-expansions/,www.hans-im-glueck.de,last_pass_source_url;official_source_url,8,2026-09-20T14:35:11+00:00,Evidence scope is field-specific; a URL or catalogue identity does not by itself verify every product fact.
src_6cc1eb924594,https://www.kayentapublishing.com/,www.kayentapublishing.com,last_pass_source_url;official_source_url,4,2026-09-20T14:35:11+00:00,Evidence scope is field-specific; a URL or catalogue identity does not by itself verify every product fact.
src_d564e2a5ce24,https://www.legendarycardgame.com/expansions;https://upperdeck.com/is-legendary-a-marvel-deckbuilding-game-second-edition-backwards-compatible-with-all-expansions/,www.legendarycardgame.com,last_pass_source_url;supporting_source_url,19,2026-09-20T14:35:11+00:00,Evidence scope is field-specific; a URL or catalogue identity does not by itself verify every product fact.
src_c9b26b5b9a7b,https://www.libellud.com/en/our-games/dixit-expansions/,www.libellud.com,last_pass_source_url;official_source_url,9,2026-09-20T14:35:11+00:00,Evidence scope is field-specific; a URL or catalogue identity does not by itself verify every product fact.
src_25d21bf53c64,https://www.ravensburger.us/en-US/products/games/villainous-board-game-expansion-packs,www.ravensburger.us,last_pass_source_url;official_source_url;price_source_url,10,2026-09-20T14:35:11+00:00,Evidence scope is field-specific; a URL or catalogue identity does not by itself verify every product fact.
src_6e1be1248378,https://www.ravensburger.us/en-US/products/games/villainous-games,www.ravensburger.us,last_pass_source_url;official_source_url,4,2026-09-20T14:35:11+00:00,Evidence scope is field-specific; a URL or catalogue identity does not by itself verify every product fact.
src_0f510125c7bd,https://www.riograndegames.com/games/concordia/,www.riograndegames.com,last_pass_source_url;official_source_url,10,2026-09-20T14:35:11+00:00,Evidence scope is field-specific; a URL or catalogue identity does not by itself verify every product fact.
src_17facc7d3050,https://www.riograndegames.com/games/dominion-adventures/,www.riograndegames.com,last_pass_source_url;official_source_url;price_source_url,1,2026-09-20T14:35:11+00:00,Evidence scope is field-specific; a URL or catalogue identity does not by itself verify every product fact.
src_8138d2c5ddca,https://www.riograndegames.com/games/dominion-alchemy/,www.riograndegames.com,last_pass_source_url;official_source_url;price_source_url,1,2026-09-20T14:35:11+00:00,Evidence scope is field-specific; a URL or catalogue identity does not by itself verify every product fact.
src_59a4f1937aa2,https://www.riograndegames.com/games/dominion-allies/,www.riograndegames.com,last_pass_source_url;official_source_url;price_source_url,1,2026-09-20T14:35:11+00:00,Evidence scope is field-specific; a URL or catalogue identity does not by itself verify every product fact.
src_33dc59727215,https://www.riograndegames.com/games/dominion-cornucopia-guilds/,www.riograndegames.com,last_pass_source_url;official_source_url;price_source_url,4,2026-09-20T14:35:11+00:00,Evidence scope is field-specific; a URL or catalogue identity does not by itself verify every product fact.
src_a0eaf7c48f1b,https://www.riograndegames.com/games/dominion-dark-ages/,www.riograndegames.com,last_pass_source_url;official_source_url;price_source_url;recommendation_evidence_url,1,2026-09-20T14:35:11+00:00,Evidence scope is field-specific; a URL or catalogue identity does not by itself verify every product fact.
src_f784c6c483e1,https://www.riograndegames.com/games/dominion-hinterlands/,www.riograndegames.com,last_pass_source_url;official_source_url;price_source_url;recommendation_evidence_url,1,2026-09-20T14:35:11+00:00,Evidence scope is field-specific; a URL or catalogue identity does not by itself verify every product fact.
src_107965a981ca,https://www.riograndegames.com/games/dominion-intrigue-2nd-edition/,www.riograndegames.com,last_pass_source_url;official_source_url;price_source_url;recommendation_evidence_url,1,2026-09-20T14:35:11+00:00,Evidence scope is field-specific; a URL or catalogue identity does not by itself verify every product fact.
src_1437647495e4,https://www.riograndegames.com/games/dominion-menagerie/,www.riograndegames.com,last_pass_source_url;official_source_url;price_source_url;recommendation_evidence_url,1,2026-09-20T14:35:11+00:00,Evidence scope is field-specific; a URL or catalogue identity does not by itself verify every product fact.
src_9a61169c140b,https://www.riograndegames.com/games/dominion-nocturne/,www.riograndegames.com,last_pass_source_url;official_source_url;price_source_url,1,2026-09-20T14:35:11+00:00,Evidence scope is field-specific; a URL or catalogue identity does not by itself verify every product fact.
src_201536912582,https://www.riograndegames.com/games/dominion-prosperity/,www.riograndegames.com,last_pass_source_url;official_source_url;price_source_url;recommendation_evidence_url,1,2026-09-20T14:35:11+00:00,Evidence scope is field-specific; a URL or catalogue identity does not by itself verify every product fact.
src_508546448afc,https://www.riograndegames.com/games/dominion-renaissance/,www.riograndegames.com,last_pass_source_url;official_source_url;price_source_url;recommendation_evidence_url,1,2026-09-20T14:35:11+00:00,Evidence scope is field-specific; a URL or catalogue identity does not by itself verify every product fact.
src_547cc02a367f,https://www.riograndegames.com/games/dominion-rising-sun/,www.riograndegames.com,last_pass_source_url;official_source_url;price_source_url,1,2026-09-20T14:35:11+00:00,Evidence scope is field-specific; a URL or catalogue identity does not by itself verify every product fact.
src_114d6467b601,https://www.riograndegames.com/games/dominion-seaside/,www.riograndegames.com,last_pass_source_url;official_source_url;price_source_url;recommendation_evidence_url,1,2026-09-20T14:35:11+00:00,Evidence scope is field-specific; a URL or catalogue identity does not by itself verify every product fact.
src_09cd4cd9c00f,https://www.riograndegames.com/games/dominion/,www.riograndegames.com,last_pass_source_url;official_source_url,20,2026-09-20T14:35:11+00:00,Evidence scope is field-specific; a URL or catalogue identity does not by itself verify every product fact.
src_413d9b6f7041,https://www.riograndegames.com/games/dthis-is-the-15th-expansion-to-dominion-it-has-500-cards-with-40-new-kingdom-cards-it-has-lots-of-treasures-and-durations-with-cards-that-give-you-loot-and-traits-that-modify-piles-events/,www.riograndegames.com,last_pass_source_url;official_source_url;price_source_url;recommendation_evidence_url,1,2026-09-20T14:35:11+00:00,Evidence scope is field-specific; a URL or catalogue identity does not by itself verify every product fact.
src_8290bc17175b,https://www.riograndegames.com/games/power-grid-recharged/,www.riograndegames.com,last_pass_source_url;official_source_url,14,2026-09-20T14:35:11+00:00,Evidence scope is field-specific; a URL or catalogue identity does not by itself verify every product fact.
src_e6a85fd3e7ff,https://www.riograndegames.com/games/race-for-the-galaxy-expansion-and-brinkmanship-the-combined-1st-arc-expansion/,www.riograndegames.com,last_pass_source_url;official_source_url;price_source_url;recommendation_evidence_url,1,2026-09-20T14:35:11+00:00,Evidence scope is field-specific; a URL or catalogue identity does not by itself verify every product fact.
src_573909494377,https://www.riograndegames.com/games/race-for-the-galaxy-xeno-counterstrike/,www.riograndegames.com,last_pass_source_url;official_source_url;price_source_url;recommendation_evidence_url,1,2026-09-20T14:35:11+00:00,Evidence scope is field-specific; a URL or catalogue identity does not by itself verify every product fact.
src_9580981768b0,https://www.riograndegames.com/games/rftg-alien-artifacts/,www.riograndegames.com,last_pass_source_url;official_source_url;price_source_url;recommendation_evidence_url,1,2026-09-20T14:35:11+00:00,Evidence scope is field-specific; a URL or catalogue identity does not by itself verify every product fact.
src_b537284d51b4,https://www.riograndegames.com/games/rftg-rebel-vs-imperium/,www.riograndegames.com,last_pass_source_url;official_source_url;price_source_url,1,2026-09-20T14:35:11+00:00,Evidence scope is field-specific; a URL or catalogue identity does not by itself verify every product fact.
src_e123cfe9dba5,https://www.riograndegames.com/games/rftg-the-brink-of-war/,www.riograndegames.com,last_pass_source_url;official_source_url;price_source_url,1,2026-09-20T14:35:11+00:00,Evidence scope is field-specific; a URL or catalogue identity does not by itself verify every product fact.
src_16e78c1112b1,https://www.riograndegames.com/games/rftg-the-gathering-storm/,www.riograndegames.com,last_pass_source_url;official_source_url;price_source_url,1,2026-09-20T14:35:11+00:00,Evidence scope is field-specific; a URL or catalogue identity does not by itself verify every product fact.
src_a3e322d0876d,https://www.riograndegames.com/games/rftg-xeno-invasion/,www.riograndegames.com,last_pass_source_url;official_source_url;price_source_url;recommendation_evidence_url,1,2026-09-20T14:35:11+00:00,Evidence scope is field-specific; a URL or catalogue identity does not by itself verify every product fact.
src_4a6719b224ad,https://www.rprod.com/en/games/7-wonders,www.rprod.com,last_pass_source_url;official_source_url,9,2026-09-20T14:35:11+00:00,Evidence scope is field-specific; a URL or catalogue identity does not by itself verify every product fact.
